loc_cpos;loc_scpo;name;id;name_sin_cp;tbl_id_fk;match_categoria;observacion;tbl_name
2820;0;GUALEGUAYCHU (2820-0);2820-0;GUALEGUAYCHU;2820-0;MATCH_EXACTO;Nombre idéntico;GUALEGUAYCHU (2820-0)
2821;0;PUEBLO GENERAL BELGRANO (2821-0);2821-0;PUEBLO GENERAL BELGRANO;2821-0;MATCH_EXACTO;Nombre idéntico;PUEBLO GENERAL BELGRANO (2821-0)
2823;0;CEIBAS (2823-0);2823-0;CEIBAS;2823-1;MATCH_EXACTO;Nombre idéntico;CEIBAS (2823-1)
2823;1;VILLA PARANACITO (2823-1);2823-1;VILLA PARANACITO;2823-0;MATCH_EXACTO;Nombre idéntico;VILLA PARANACITO (2823-0)
2823;2;FAUSTINO M. PARERA (2823-2);2823-2;FAUSTINO M. PARERA;;SIN_EQUIVALENTE_TBL;Sin equivalente (mejor: 0.36 con VILLA PARANACITO);
2824;0;GENERAL ALMADA (2824-0);2824-0;GENERAL ALMADA;;SIN_MATCH_CPOS;loc_cpos 2824 no existe en TBL;
2826;0;PASTOR BRITOS (2826-0);2826-0;PASTOR BRITOS;;SIN_EQUIVALENTE_TBL;Sin equivalente (mejor: 0.40 con ALDEA SAN ANTONIO);
2826;1;ALDEA SAN ANTONIO (2826-1);2826-1;ALDEA SAN ANTONIO;2826-1;MATCH_EXACTO;Nombre idéntico;ALDEA SAN ANTONIO (2826-1)
2826;2;URDINARRAIN (2826-2);2826-2;URDINARRAIN;2826-0;MATCH_EXACTO;Nombre idéntico;URDINARRAIN (2826-0)
2826;3;ALDEA SAN JUAN (2826-3);2826-3;ALDEA SAN JUAN;;SIN_EQUIVALENTE_TBL;Sin equivalente (mejor: 0.77 con ALDEA SAN ANTONIO);
2828;0;ESTACIÓN ESCRIÑA (2828-0);2828-0;ESTACIÓN ESCRIÑA;;SIN_EQUIVALENTE_TBL;Sin equivalente (mejor: 0.17 con GILBERT);
2828;1;GILBERT (2828-1);2828-1;GILBERT;2828-0;MATCH_EXACTO;Nombre idéntico;GILBERT (2828-0)
2840;0;GUALEGUAY (2840-0);2840-0;GUALEGUAY;2840-0;MATCH_EXACTO;Nombre idéntico;GUALEGUAY (2840-0)
2840;1;ESTACIÓN LAZO (2840-1);2840-1;ESTACIÓN LAZO;;SIN_EQUIVALENTE_TBL;Sin equivalente (mejor: 0.18 con GUALEGUAY);
2840;2;PUERTO RUIZ (2840-2);2840-2;PUERTO RUIZ;;SIN_EQUIVALENTE_TBL;Sin equivalente (mejor: 0.30 con GUALEGUAY);
2841;0;ALDEA ASUNCIÓN (2841-0);2841-0;ALDEA ASUNCIÓN;;SIN_MATCH_CPOS;loc_cpos 2841 no existe en TBL;
2841;1;ESTACIÓN ARROYO CLÉ (2841-1);2841-1;ESTACIÓN ARROYO CLÉ;;SIN_MATCH_CPOS;loc_cpos 2841 no existe en TBL;
2843;0;GENERAL GALARZA (2843-0);2843-0;GENERAL GALARZA;2843-0;MATCH_EXACTO;Nombre idéntico;GENERAL GALARZA (2843-0)
2845;0;GOBERNADOR MANSILLA (2845-0);2845-0;GOBERNADOR MANSILLA;2845-0;MATCH_EXACTO;Nombre idéntico;GOBERNADOR MANSILLA (2845-0)
2845;1;GOBERNADOR ECHAGUE (2845-1);2845-1;GOBERNADOR ECHAGUE;2845-1;MATCH_EXACTO;Nombre idéntico;GOBERNADOR ECHAGUE (2845-1)
2846;0;IBICUY (2846-0);2846-0;IBICUY;2846-0;MATCH_EXACTO;Nombre idéntico;IBICUY (2846-0)
2848;0;MÉDANOS (2848-0);2848-0;MÉDANOS;;SIN_MATCH_CPOS;loc_cpos 2848 no existe en TBL;
2852;0;IRAZUSTA (2852-0);2852-0;IRAZUSTA;;SIN_EQUIVALENTE_TBL;Sin equivalente (mejor: 0.19 con ENRIQUE CARBO);
2852;1;ENRIQUE CARBO (2852-1);2852-1;ENRIQUE CARBO;2852-0;MATCH_EXACTO;Nombre idéntico;ENRIQUE CARBO (2852-0)
2854;0;LARROQUE (2854-0);2854-0;LARROQUE;2854-0;MATCH_EXACTO;Nombre idéntico;LARROQUE (2854-0)
3100;0;PARANA (3100-0);3100-0;PARANA;3100-0;MATCH_EXACTO;Nombre idéntico;PARANA (3100-0)
3100;1;ORO VERDE (3100-1);3100-1;ORO VERDE;3100-1;MATCH_EXACTO;Nombre idéntico;ORO VERDE (3100-1)
3100;2;COLONIA AVELLANEDA (3100-2);3100-2;COLONIA AVELLANEDA;3100-2;MATCH_EXACTO;Nombre idéntico;COLONIA AVELLANEDA (3100-2)
3101;0;ALDEA PROTESTANTE (3101-0);3101-0;ALDEA PROTESTANTE;3101-4;MATCH_EXACTO;Nombre idéntico;ALDEA PROTESTANTE (3101-4)
3101;1;ALDEA SPATZENKUTTER (3101-1);3101-1;ALDEA SPATZENKUTTER;3101-3;MATCH_EXACTO;Nombre idéntico;ALDEA SPATZENKUTTER (3101-3)
3101;2;PUERTO LAS CUEVAS (3101-2);3101-2;PUERTO LAS CUEVAS;3101-5;SINONIMO_PREFIJO;Mismo nombre base;LAS CUEVAS (3101-5)
3101;3;STROBEL (3101-3);3101-3;STROBEL;3101-1;MATCH_EXACTO;Nombre idéntico;STROBEL (3101-1)
3101;4;ALDEA SALTO (3101-4);3101-4;ALDEA SALTO;;SIN_EQUIVALENTE_TBL;Sin equivalente (mejor: 0.64 con ALDEA PROTESTANTE);
3101;5;ALDEA SAN FRANCISCO (3101-5);3101-5;ALDEA SAN FRANCISCO;;SIN_EQUIVALENTE_TBL;Sin equivalente (mejor: 0.56 con ALDEA VALLE MARIA);
3101;6;COLONIA ENSAYO (3101-6);3101-6;COLONIA ENSAYO;;SIN_EQUIVALENTE_TBL;Sin equivalente (mejor: 0.34 con ALDEA BRASILERA);
3101;7;GENERAL ALVEAR (3101-7);3101-7;GENERAL ALVEAR;;SIN_EQUIVALENTE_TBL;Sin equivalente (mejor: 0.52 con ALDEA VALLE MARIA);
3101;8;LA JUANITA (3101-8);3101-8;LA JUANITA;;SIN_EQUIVALENTE_TBL;Sin equivalente (mejor: 0.50 con LAS CUEVAS);
3101;9;LAS JAULAS (3101-9);3101-9;LAS JAULAS;;SIN_EQUIVALENTE_TBL;Sin equivalente (mejor: 0.70 con LAS CUEVAS);
3101;10;PARAJE LA VIRGEN (3101-10);3101-10;PARAJE LA VIRGEN;;SIN_EQUIVALENTE_TBL;Sin equivalente (mejor: 0.42 con ALDEA PROTESTANTE);
3101;11;ALDEA VALLE MARIA (3101-11);3101-11;ALDEA VALLE MARIA;3101-0;MATCH_EXACTO;Nombre idéntico;ALDEA VALLE MARIA (3101-0)
3101;12;ALDEA BRASILERA (3101-12);3101-12;ALDEA BRASILERA;3101-2;MATCH_EXACTO;Nombre idéntico;ALDEA BRASILERA (3101-2)
3101;13;MOLINO DOLL (3101-13);3101-13;MOLINO DOLL;;SIN_EQUIVALENTE_TBL;Sin equivalente (mejor: 0.29 con ALDEA VALLE MARIA);
3103;0;VILLA LIBERTADOR SAN MARTÍN (3103-0);3103-0;VILLA LIBERTADOR SAN MARTÍN;3103-0;MATCH_EXACTO;Nombre idéntico;VILLA LIBERTADOR SAN MARTÍN (3103-0)
3105;0;DIAMANTE (3105-0);3105-0;DIAMANTE;3105-0;MATCH_EXACTO;Nombre idéntico;DIAMANTE (3105-0)
3107;0;SAN BENITO (3107-0);3107-0;SAN BENITO;3107-0;MATCH_EXACTO;Nombre idéntico;SAN BENITO (3107-0)
3107;1;SAUCE PINTO (3107-1);3107-1;SAUCE PINTO;;SIN_EQUIVALENTE_TBL;Sin equivalente (mejor: 0.57 con SAN BENITO);
3109;0;QUEBRACHO (3109-0);3109-0;QUEBRACHO;;SIN_EQUIVALENTE_TBL;Sin equivalente (mejor: 0.14 con VIALE);
3109;1;EL RAMBLÓN (3109-1);3109-1;EL RAMBLÓN;;SIN_EQUIVALENTE_TBL;Sin equivalente (mejor: 0.13 con VIALE);
3109;2;VIALE (3109-2);3109-2;VIALE;3109-0;MATCH_EXACTO;Nombre idéntico;VIALE (3109-0)
3111;0;LAS TUNAS (3111-0);3111-0;LAS TUNAS;3111-2;MATCH_EXACTO;Nombre idéntico;LAS TUNAS (3111-2)
3111;1;TABOSSI (3111-1);3111-1;TABOSSI;3111-1;MATCH_EXACTO;Nombre idéntico;TABOSSI (3111-1)
3113;0;PUEBLO GENERAL SAN MARTÍN (CURTIEMBRE) (3113-0);3113-0;PUEBLO GENERAL SAN MARTÍN;3113-0;SINONIMO_ALIAS;Alias conocido: CURTIEMBRE;CURTIEMBRE (3113-0)
3113;1;VILLA URQUIZA (3113-1);3113-1;VILLA URQUIZA;3113-1;MATCH_EXACTO;Nombre idéntico;VILLA URQUIZA (3113-1)
3114;0;GENERAL RACEDO (EL CARMEN) (ESTACIÓN RACEDO) (3114-0);3114-0;GENERAL RACEDO;3114-2;SINONIMO_ALIAS;Alias conocido: ESTACION RACEDO;ESTACION RACEDO (3114-2)
3114;1;ALDEA GRAPSCHENTAL (3114-1);3114-1;ALDEA GRAPSCHENTAL;;SIN_EQUIVALENTE_TBL;Sin equivalente (mejor: 0.57 con ALDEA MARIA LUISA);
3114;2;VILLA GDOR. LUIS F. ETCHEVEHERE (3114-2);3114-2;VILLA GDOR. LUIS F. ETCHEVEHERE;3114-1;SINONIMO_PALABRA_CLAVE;Palabra clave: ETCHEVEHERE, GDOR;GDOR. ETCHEVEHERE (3114-1)
3114;3;ALDEA MARIA LUISA (3114-3);3114-3;ALDEA MARIA LUISA;3114-0;MATCH_EXACTO;Nombre idéntico;ALDEA MARIA LUISA (3114-0)
3114;4;VILLA FONTANA (3114-4);3114-4;VILLA FONTANA;;SIN_EQUIVALENTE_TBL;Sin equivalente (mejor: 0.33 con ALDEA MARIA LUISA);
3116;0;ESPINILLO NORTE (3116-0);3116-0;ESPINILLO NORTE;;SIN_EQUIVALENTE_TBL;Sin equivalente (mejor: 0.38 con CRESPO);
3116;1;ALDEA CHALECO (3116-1);3116-1;ALDEA CHALECO;;SIN_EQUIVALENTE_TBL;Sin equivalente (mejor: 0.21 con CRESPO);
3116;2;ALDEA SANTA ROSA (3116-2);3116-2;ALDEA SANTA ROSA;;SIN_EQUIVALENTE_TBL;Sin equivalente (mejor: 0.27 con CRESPO);
3116;3;CRESPO (3116-3);3116-3;CRESPO;3116-0;MATCH_EXACTO;Nombre idéntico;CRESPO (3116-0)
3117;0;SEGUI (3117-0);3117-0;SEGUI;3117-0;SINONIMO_PREFIJO;Mismo nombre base;VILLA SEGUI (3117-0)
3118;0;COLONIA NUEVA (3118-0);3118-0;COLONIA NUEVA;3118-1;MATCH_EXACTO;Nombre idéntico;COLONIA NUEVA (3118-1)
3118;1;LA PICADA (3118-1);3118-1;LA PICADA;3118-0;MATCH_EXACTO;Nombre idéntico;LA PICADA (3118-0)
3118;2;COLONIA CRESPO (3118-2);3118-2;COLONIA CRESPO;;SIN_EQUIVALENTE_TBL;Sin equivalente (mejor: 0.67 con COLONIA NUEVA);
3118;3;SAUCE MONTRULL (3118-3);3118-3;SAUCE MONTRULL;;SIN_EQUIVALENTE_TBL;Sin equivalente (mejor: 0.30 con COLONIA NUEVA);
3122;0;EL PALENQUE (3122-0);3122-0;EL PALENQUE;;SIN_EQUIVALENTE_TBL;Sin equivalente (mejor: 0.11 con CERRITO);
3122;1;CERRITO (3122-1);3122-1;CERRITO;3122-0;MATCH_EXACTO;Nombre idéntico;CERRITO (3122-0)
3123;0;ALDEA SANTA MARÍA (3123-0);3123-0;ALDEA SANTA MARÍA;;SIN_MATCH_CPOS;loc_cpos 3123 no existe en TBL;
3125;0;PUEBLO BRUGO (3125-0);3125-0;PUEBLO BRUGO;3125-0;MATCH_EXACTO;Nombre idéntico;PUEBLO BRUGO (3125-0)
3127;0;HERNANDARIAS (3127-0);3127-0;HERNANDARIAS;3127-0;MATCH_EXACTO;Nombre idéntico;HERNANDARIAS (3127-0)
3127;1;PUERTO ALGARROBO (3127-1);3127-1;PUERTO ALGARROBO;;SIN_EQUIVALENTE_TBL;Sin equivalente (mejor: 0.36 con HERNANDARIAS);
3129;0;PIEDRAS BLANCAS (3129-0);3129-0;PIEDRAS BLANCAS;3129-0;MATCH_EXACTO;Nombre idéntico;PIEDRAS BLANCAS (3129-0)
3131;0;TEZANOS PINTO (3131-0);3131-0;TEZANOS PINTO;;SIN_MATCH_CPOS;loc_cpos 3131 no existe en TBL;
3132;0;ESTACION EL PINGO (3132-0);3132-0;ESTACION EL PINGO;3132-0;MATCH_EXACTO;Nombre idéntico;ESTACION EL PINGO (3132-0)
3133;0;MARIA GRANDE (3133-0);3133-0;MARIA GRANDE;3133-0;MATCH_EXACTO;Nombre idéntico;MARIA GRANDE (3133-0)
3133;1;SOSA (3133-1);3133-1;SOSA;;SIN_EQUIVALENTE_TBL;Sin equivalente (mejor: 0.12 con MARIA GRANDE);
3134;0;HASENKAMP (3134-0);3134-0;HASENKAMP;3134-0;MATCH_EXACTO;Nombre idéntico;HASENKAMP (3134-0)
3135;0;ALDEA SAN RAFAEL (3135-0);3135-0;ALDEA SAN RAFAEL;;SIN_MATCH_CPOS;loc_cpos 3135 no existe en TBL;
3136;0;PUEBLO BELLOCQ (LAS GARZAS) (3136-0);3136-0;PUEBLO BELLOCQ;;SIN_MATCH_CPOS;loc_cpos 3136 no existe en TBL;
3137;0;EL SOLAR (3137-0);3137-0;EL SOLAR;;SIN_MATCH_CPOS;loc_cpos 3137 no existe en TBL;
3138;0;ALCARAZ (3138-0);3138-0;ALCARAZ;3138-0;MATCH_EXACTO;Nombre idéntico;ALCARAZ (3138-0)
3142;0;COLONIA AVIGDOR (3142-0);3142-0;COLONIA AVIGDOR;3142-1;MATCH_EXACTO;Nombre idéntico;COLONIA AVIGDOR (3142-1)
3142;1;BOVRIL (3142-1);3142-1;BOVRIL;3142-0;MATCH_EXACTO;Nombre idéntico;BOVRIL (3142-0)
3142;2;SIR LEONARD (3142-2);3142-2;SIR LEONARD;;SIN_EQUIVALENTE_TBL;Sin equivalente (mejor: 0.38 con COLONIA AVIGDOR);
3144;0;SAUCE DE LUNA (3144-0);3144-0;SAUCE DE LUNA;3144-0;MATCH_EXACTO;Nombre idéntico;SAUCE DE LUNA (3144-0)
3150;0;NOGOYA (3150-0);3150-0;NOGOYA;3150-0;MATCH_EXACTO;Nombre idéntico;NOGOYA (3150-0)
3150;1;ESTACIÓN CAMPS (3150-1);3150-1;ESTACIÓN CAMPS;;SIN_EQUIVALENTE_TBL;Sin equivalente (mejor: 0.10 con NOGOYA);
3151;0;ANTELO (3151-0);3151-0;ANTELO;3151-0;MATCH_EXACTO;Nombre idéntico;ANTELO (3151-0)
3151;1;FEBRÉ (3151-1);3151-1;FEBRÉ;;SIN_EQUIVALENTE_TBL;Sin equivalente (mejor: 0.18 con ANTELO);
3153;0;VICTORIA (3153-0);3153-0;VICTORIA;3153-0;MATCH_EXACTO;Nombre idéntico;VICTORIA (3153-0)
3155;0;RINCON DE NOGOYA (3155-0);3155-0;RINCON DE NOGOYA;;SIN_MATCH_CPOS;loc_cpos 3155 no existe en TBL;
3156;0;HERNANDEZ (3156-0);3156-0;HERNANDEZ;3156-0;MATCH_EXACTO;Nombre idéntico;HERNANDEZ (3156-0)
3156;1;BETBEDER (3156-1);3156-1;BETBEDER;;SIN_EQUIVALENTE_TBL;Sin equivalente (mejor: 0.35 con HERNANDEZ);
3158;0;20 DE SEPTIEMBRE (3158-0);3158-0;20 DE SEPTIEMBRE;;SIN_EQUIVALENTE_TBL;Sin equivalente (mejor: 0.13 con LUCAS GONZALEZ);
3158;1;LUCAS GONZALEZ (3158-1);3158-1;LUCAS GONZALEZ;3158-0;MATCH_EXACTO;Nombre idéntico;LUCAS GONZALEZ (3158-0)
3162;0;ARANGUREN (3162-0);3162-0;ARANGUREN;3162-0;MATCH_EXACTO;Nombre idéntico;ARANGUREN (3162-0)
3164;0;GENERAL RAMIREZ (3164-0);3164-0;GENERAL RAMIREZ;3164-0;MATCH_EXACTO;Nombre idéntico;GENERAL RAMIREZ (3164-0)
3164;1;DON CRISTÓBAL (3164-1);3164-1;DON CRISTÓBAL;;SIN_EQUIVALENTE_TBL;Sin equivalente (mejor: 0.29 con GENERAL RAMIREZ);
3170;0;BASAVILBASO (3170-0);3170-0;BASAVILBASO;3170-0;MATCH_EXACTO;Nombre idéntico;BASAVILBASO (3170-0)
3170;1;ESTACION LIBAROS (3170-1);3170-1;ESTACION LIBAROS;3170-1;MATCH_EXACTO;Nombre idéntico;ESTACION LIBAROS (3170-1)
3170;2;ESTACION URQUIZA (3170-2);3170-2;ESTACION URQUIZA;3170-2;MATCH_EXACTO;Nombre idéntico;ESTACION URQUIZA (3170-2)
3172;0;ROCAMORA (3172-0);3172-0;ROCAMORA;;SIN_MATCH_CPOS;loc_cpos 3172 no existe en TBL;
3174;0;ALTAMIRANO SUR (3174-0);3174-0;ALTAMIRANO SUR;;SIN_EQUIVALENTE_TBL;Sin equivalente (mejor: 0.20 con ROSARIO DEL TALA);
3174;1;LAS GUACHAS (3174-1);3174-1;LAS GUACHAS;;SIN_EQUIVALENTE_TBL;Sin equivalente (mejor: 0.15 con ROSARIO DEL TALA);
3174;2;ROSARIO DEL TALA (3174-2);3174-2;ROSARIO DEL TALA;3174-0;MATCH_EXACTO;Nombre idéntico;ROSARIO DEL TALA (3174-0)
3176;0;GOBERNADOR SOLA (3176-0);3176-0;GOBERNADOR SOLA;3176-0;MATCH_EXACTO;Nombre idéntico;GOBERNADOR SOLA (3176-0)
3177;0;MACIA (3177-0);3177-0;MACIA;3177-0;MATCH_EXACTO;Nombre idéntico;MACIA (3177-0)
3177;1;ESTACION DURAZNO (3177-1);3177-1;ESTACION DURAZNO;3177-1;MATCH_EXACTO;Nombre idéntico;ESTACION DURAZNO (3177-1)
3177;2;ESTACIÓN RAÍCES (3177-2);3177-2;ESTACIÓN RAÍCES;;SIN_EQUIVALENTE_TBL;Sin equivalente (mejor: 0.71 con ESTACION DURAZNO);
3179;0;GUARDAMONTE (3179-0);3179-0;GUARDAMONTE;;SIN_MATCH_CPOS;loc_cpos 3179 no existe en TBL;
3180;0;FEDERAL (3180-0);3180-0;FEDERAL;3180-0;MATCH_EXACTO;Nombre idéntico;FEDERAL (3180-0)
3183;0;LOS CONQUISTADORES (3183-0);3183-0;LOS CONQUISTADORES;3183-0;MATCH_EXACTO;Nombre idéntico;LOS CONQUISTADORES (3183-0)
3185;0;SAN JAIME DE LA FRONTERA (3185-0);3185-0;SAN JAIME DE LA FRONTERA;3185-0;SINONIMO_PALABRA_CLAVE;Palabra clave: FRONTERA;S.J.DE LA FRONTERA (3185-0)
3187;0;SAN JOSÉ DE FELICIANO (3187-0);3187-0;SAN JOSÉ DE FELICIANO;3187-0;MATCH_EXACTO;Nombre idéntico;SAN JOSÉ DE FELICIANO (3187-0)
3188;0;CONSCRIPTO BERNARDI (3188-0);3188-0;CONSCRIPTO BERNARDI;3188-0;SINONIMO_PALABRA_CLAVE;Palabra clave: CONSCRIPTO;CONSCRIPTO BERNARDO (3188-0)
3188;1;ALDEA SAN ISIDRO (EL CIMARRÓN) (3188-1);3188-1;ALDEA SAN ISIDRO;;SIN_EQUIVALENTE_TBL;Sin equivalente (mejor: 0.17 con CONSCRIPTO BERNARDO);
3190;0;LA PAZ (3190-0);3190-0;LA PAZ;3190-0;MATCH_EXACTO;Nombre idéntico;LA PAZ (3190-0)
3191;0;SAN VÍCTOR (3191-0);3191-0;SAN VÍCTOR;;SIN_EQUIVALENTE_TBL;Sin equivalente (mejor: 0.57 con SAN GUSTAVO);
3191;1;SAN GUSTAVO (3191-1);3191-1;SAN GUSTAVO;3191-0;MATCH_EXACTO;Nombre idéntico;SAN GUSTAVO (3191-0)
3192;0;SANTA ELENA (3192-0);3192-0;SANTA ELENA;3192-0;MATCH_EXACTO;Nombre idéntico;SANTA ELENA (3192-0)
3192;1;EL COLORADO (3192-1);3192-1;EL COLORADO;;SIN_EQUIVALENTE_TBL;Sin equivalente (mejor: 0.27 con SANTA ELENA);
3200;0;CONCORDIA (3200-0);3200-0;CONCORDIA;3200-0;MATCH_EXACTO;Nombre idéntico;CONCORDIA (3200-0)
3201;0;COLONIA YERUA (ESTACIÓN YERUÁ) (3201-0);3201-0;COLONIA YERUA;3201-1;SINONIMO_PREFIJO;Mismo nombre base;PUERTO YERUA (3201-1)
3201;1;VILLA ZORRAQUIN (3201-1);3201-1;VILLA ZORRAQUIN;3201-2;MATCH_EXACTO;Nombre idéntico;VILLA ZORRAQUIN (3201-2)
3201;2;PUERTO YERUA (3201-2);3201-2;PUERTO YERUA;3201-1;MATCH_EXACTO;Nombre idéntico;PUERTO YERUA (3201-1)
3201;3;VILLA ADELA (3201-3);3201-3;VILLA ADELA;3201-0;MATCH_EXACTO;Nombre idéntico;VILLA ADELA (3201-0)
3201;4;ESTANCIA GRANDE (3201-4);3201-4;ESTANCIA GRANDE;;SIN_EQUIVALENTE_TBL;Sin equivalente (mejor: 0.46 con VILLA ADELA);
3201;5;NUEVA ESCOCIA (3201-5);3201-5;NUEVA ESCOCIA;;SIN_EQUIVALENTE_TBL;Sin equivalente (mejor: 0.42 con VILLA ADELA);
3201;6;COLONIA GENERAL ROCA (3201-6);3201-6;COLONIA GENERAL ROCA;;SIN_EQUIVALENTE_TBL;Sin equivalente (mejor: 0.67 con COLONIA YERUA);
3203;0;PEDERNAL (3203-0);3203-0;PEDERNAL;;SIN_EQUIVALENTE_TBL;Sin equivalente (mejor: 0.21 con CALABACILLA);
3203;1;CLODOMIRO LEDESMA (3203-1);3203-1;CLODOMIRO LEDESMA;;SIN_EQUIVALENTE_TBL;Sin equivalente (mejor: 0.36 con CALABACILLA);
3203;2;CALABACILLA (3203-2);3203-2;CALABACILLA;3203-0;MATCH_EXACTO;Nombre idéntico;CALABACILLA (3203-0)
3203;3;BENITO LEGERÉN (3203-3);3203-3;BENITO LEGERÉN;;SIN_EQUIVALENTE_TBL;Sin equivalente (mejor: 0.24 con CALABACILLA);
3204;0;COLONIA AYUI (3204-0);3204-0;COLONIA AYUI;3204-0;MATCH_EXACTO;Nombre idéntico;COLONIA AYUI (3204-0)
3206;0;FEDERACIÓN (3206-0);3206-0;FEDERACIÓN;3206-0;MATCH_EXACTO;Nombre idéntico;FEDERACION (3206-0)
3206;1;COLONIA LA ARGENTINA (3206-1);3206-1;COLONIA LA ARGENTINA;;SIN_EQUIVALENTE_TBL;Sin equivalente (mejor: 0.20 con FEDERACION);
3208;0;SANTA ANA (3208-0);3208-0;SANTA ANA;3208-0;MATCH_EXACTO;Nombre idéntico;SANTA ANA (3208-0)
3212;0;LOS CHARRUAS (3212-0);3212-0;LOS CHARRUAS;3212-0;MATCH_EXACTO;Nombre idéntico;LOS CHARRUAS (3212-0)
3212;1;NUEVA VIZCAYA (3212-1);3212-1;NUEVA VIZCAYA;;SIN_EQUIVALENTE_TBL;Sin equivalente (mejor: 0.35 con LA CRIOLLA);
3212;2;LA CRIOLLA (3212-2);3212-2;LA CRIOLLA;3212-1;MATCH_EXACTO;Nombre idéntico;LA CRIOLLA (3212-1)
3212;3;OSVALDO MAGNASCO (3212-3);3212-3;OSVALDO MAGNASCO;3212-2;MATCH_EXACTO;Nombre idéntico;OSVALDO  MAGNASCO (3212-2)
3214;0;ESTACIÓN YUQUERÍ (3214-0);3214-0;ESTACIÓN YUQUERÍ;;SIN_MATCH_CPOS;loc_cpos 3214 no existe en TBL;
3216;0;GENERAL CAMPOS (3216-0);3216-0;GENERAL CAMPOS;3216-0;SINONIMO_SIMILITUD;Similitud: 0.83;GRAL.CAMPOS (3216-0)
3218;0;SAN SALVADOR (3218-0);3218-0;SAN SALVADOR;3218-0;MATCH_EXACTO;Nombre idéntico;SAN SALVADOR (3218-0)
3228;0;CHAJARI (3228-0);3228-0;CHAJARI;3228-0;MATCH_EXACTO;Nombre idéntico;CHAJARI (3228-0)
3228;1;COLONIA ALEMANA (3228-1);3228-1;COLONIA ALEMANA;;SIN_EQUIVALENTE_TBL;Sin equivalente (mejor: 0.18 con CHAJARI);
3228;2;LA FLORIDA (COLONIA OFICIAL Nº1) (3228-2);3228-2;LA FLORIDA;;SIN_EQUIVALENTE_TBL;Sin equivalente (mejor: 0.35 con CHAJARI);
3228;3;COLONIA CELINA (3228-3);3228-3;COLONIA CELINA;;SIN_EQUIVALENTE_TBL;Sin equivalente (mejor: 0.19 con CHAJARI);
3229;0;COLONIA PEÑA (3229-0);3229-0;COLONIA PEÑA;;SIN_EQUIVALENTE_TBL;Sin equivalente (mejor: 0.34 con VILLA DEL ROSARIO);
3229;1;SAN PEDRO (COLONIA FREITAS) (3229-1);3229-1;SAN PEDRO;;SIN_EQUIVALENTE_TBL;Sin equivalente (mejor: 0.31 con VILLA DEL ROSARIO);
3229;2;SAN RAMÓN (3229-2);3229-2;SAN RAMÓN;;SIN_EQUIVALENTE_TBL;Sin equivalente (mejor: 0.31 con VILLA DEL ROSARIO);
3229;3;VILLA DEL ROSARIO (3229-3);3229-3;VILLA DEL ROSARIO;3229-0;MATCH_EXACTO;Nombre idéntico;VILLA DEL ROSARIO (3229-0)
3240;0;VILLAGUAY (3240-0);3240-0;VILLAGUAY;3240-0;MATCH_EXACTO;Nombre idéntico;VILLAGUAY (3240-0)
3240;1;ESTACION LAS MOSCAS (3240-1);3240-1;ESTACION LAS MOSCAS;3240-1;MATCH_EXACTO;Nombre idéntico;ESTACION LAS MOSCAS (3240-1)
3241;0;PASO DE LA LAGUNA (3241-0);3241-0;PASO DE LA LAGUNA;;SIN_MATCH_CPOS;loc_cpos 3241 no existe en TBL;
3246;0;INGENIERO MIGUEL SAJAROFF (3246-0);3246-0;INGENIERO MIGUEL SAJAROFF;;SIN_EQUIVALENTE_TBL;Sin equivalente (mejor: 0.25 con VILLA DOMINGUEZ);
3246;1;VILLA DOMINGUEZ (3246-1);3246-1;VILLA DOMINGUEZ;3246-0;MATCH_EXACTO;Nombre idéntico;VILLA DOMINGUEZ (3246-0)
3248;0;SANTA ANITA (3248-0);3248-0;SANTA ANITA;3248-0;MATCH_EXACTO;Nombre idéntico;SANTA ANITA (3248-0)
3248;1;VILLA SAN MARCIAL (EST. GOBERNADOR URQUIZA) (3248-1);3248-1;VILLA SAN MARCIAL;3248-1;SINONIMO_PREFIJO;Mismo nombre base;SAN MARCIAL (3248-1)
3252;0;VILLA CLARA (3252-0);3252-0;VILLA CLARA;3252-0;MATCH_EXACTO;Nombre idéntico;VILLA CLARA (3252-0)
3254;0;JUBILEO (3254-0);3254-0;JUBILEO;3254-0;MATCH_EXACTO;Nombre idéntico;JUBILEO (3254-0)
3260;0;VILLA SAN JUSTO (3260-0);3260-0;VILLA SAN JUSTO;3260-1;MATCH_EXACTO;Nombre idéntico;VILLA SAN JUSTO (3260-1)
3260;1;CONCEPCION DEL URUGUAY (3260-1);3260-1;CONCEPCION DEL URUGUAY;3260-0;SINONIMO_PALABRA_CLAVE;Palabra clave: URUGUAY;CONCEP.DEL URUGUAY (3260-0)
3261;0;COLONIA ELIA (3261-0);3261-0;COLONIA ELIA;3261-0;MATCH_EXACTO;Nombre idéntico;COLONIA ELIA (3261-0)
3262;0;ESTACION CASEROS (3262-0);3262-0;ESTACION CASEROS;3262-0;MATCH_EXACTO;Nombre idéntico;ESTACION CASEROS (3262-0)
3263;0;PRONUNCIAMIENTO (3263-0);3263-0;PRONUNCIAMIENTO;3263-0;MATCH_EXACTO;Nombre idéntico;PRONUNCIAMIENTO (3263-0)
3263;1;COLONIA 1º DE MAYO (3263-1);3263-1;COLONIA 1º DE MAYO;3263-1;MATCH_EXACTO;Nombre idéntico;COLONIA 1º DE MAYO (3263-1)
3265;0;HOCKER (3265-0);3265-0;HOCKER;;SIN_EQUIVALENTE_TBL;Sin equivalente (mejor: 0.12 con VILLA ELISA);
3265;1;VILLA ELISA (3265-1);3265-1;VILLA ELISA;3265-0;MATCH_EXACTO;Nombre idéntico;VILLA ELISA (3265-0)
3269;0;LA CLARITA (3269-0);3269-0;LA CLARITA;3269-1;MATCH_EXACTO;Nombre idéntico;LA CLARITA (3269-1)
3269;1;ARROYO BARU (3269-1);3269-1;ARROYO BARU;3269-2;MATCH_EXACTO;Nombre idéntico;ARROYO BARU (3269-2)
3269;2;PUEBLO CAZES (3269-2);3269-2;PUEBLO CAZES;;SIN_EQUIVALENTE_TBL;Sin equivalente (mejor: 0.36 con LA CLARITA);
3269;3;HAMBIS (3269-3);3269-3;HAMBIS;;SIN_EQUIVALENTE_TBL;Sin equivalente (mejor: 0.38 con SAN MIGUEL);
3272;0;VILLA MANTERO (3272-0);3272-0;VILLA MANTERO;3272-1;MATCH_EXACTO;Nombre idéntico;VILLA MANTERO (3272-1)
3272;1;ESTACION HERRERA (3272-1);3272-1;ESTACION HERRERA;3272-0;SINONIMO_PREFIJO;Mismo nombre base;HERRERA (3272-0)
3280;0;COLON (3280-0);3280-0;COLON;3280-0;MATCH_EXACTO;Nombre idéntico;COLON (3280-0)
3281;0;COLONIA HUGUES (3281-0);3281-0;COLONIA HUGUES;;SIN_MATCH_CPOS;loc_cpos 3281 no existe en TBL;
3281;1;COLONIA ARROYO URQUIZA (3281-1);3281-1;COLONIA ARROYO URQUIZA;;SIN_MATCH_CPOS;loc_cpos 3281 no existe en TBL;
3283;0;EL BRILLANTE (3283-0);3283-0;EL BRILLANTE;3283-1;MATCH_EXACTO;Nombre idéntico;EL BRILLANTE (3283-1)
3283;1;PUEBLO LIEBIG'S (3283-1);3283-1;PUEBLO LIEBIG'S;;SIN_EQUIVALENTE_TBL;Sin equivalente (mejor: 0.38 con EL BRILLANTE);
3283;2;SAN JOSE (3283-2);3283-2;SAN JOSE;3283-0;MATCH_EXACTO;Nombre idéntico;SAN JOSE (3283-0)
3287;0;UBAJAY (3287-0);3287-0;UBAJAY;3287-0;MATCH_EXACTO;Nombre idéntico;UBAJAY (3287-0)
