cp_cpos;cp_scpo;cp_name;id;name_sin_cp;id_cas;escenario;sql
2820;0;GUALEGUAYCHU (2820-0);2820-0;GUALEGUAYCHU;2820-0;1;UPDATE tbl_cp_diferentes SET tbl_localidades_id_c = '2820-0' WHERE loc_cpos = '2820' AND loc_scpo = '0';
2821;0;PUEBLO GENERAL BELGRANO (2821-0);2821-0;PUEBLO GENERAL BELGRANO;2821-0;1;UPDATE tbl_cp_diferentes SET tbl_localidades_id_c = '2821-0' WHERE loc_cpos = '2821' AND loc_scpo = '0';
2823;0;CEIBAS (2823-0);2823-0;CEIBAS;2823-1;2;UPDATE tbl_cp_diferentes SET tbl_localidades_id_c = '2823-1' WHERE loc_cpos = '2823' AND loc_scpo = '0';
2823;1;VILLA PARANACITO (2823-1);2823-1;VILLA PARANACITO;2823-0;2;UPDATE tbl_cp_diferentes SET tbl_localidades_id_c = '2823-0' WHERE loc_cpos = '2823' AND loc_scpo = '1';
2823;2;FAUSTINO M. PARERA (2823-2);2823-2;FAUSTINO M. PARERA;2823-2;1;UPDATE tbl_cp_diferentes SET tbl_localidades_id_c = '2823-2' WHERE loc_cpos = '2823' AND loc_scpo = '2';
2824;0;GENERAL ALMADA (2824-0);2824-0;GENERAL ALMADA;2824-0;1;UPDATE tbl_cp_diferentes SET tbl_localidades_id_c = '2824-0' WHERE loc_cpos = '2824' AND loc_scpo = '0';
2826;0;PASTOR BRITOS (2826-0);2826-0;PASTOR BRITOS;;4;INSERT INTO tbl_localidades (id, name, date_entered, date_modified, modified_user_id, created_by, description, deleted, assigned_user_id, billing_address_city, loc_cpos, loc_scpo, tbl_provincias_id_c, tbl_paises_id_c, loc_zona_riesgo, tbl_departamentos_id_c, ruta_pac, cant_hab_2010, tbl_nodos_id_c, cant_hab, categoria, ruta_pac_orden, codigo_provincia) VALUES ('2826-0', 'PASTOR BRITOS (2826-0)(2826-0)', NOW(), NOW(), '1', '1', 'Localidad PASTOR BRITOS (2826-0)(2826-0)', 0, '1', 'PASTOR BRITOS (2826-0)', '2826', '0', 'E', '1', 'N', 'E000', 0, 0, 'E00', 0, 'Poblacion', 0, NULL);
2826;1;ALDEA SAN JUAN (2826-1);2826-1;ALDEA SAN JUAN;2826-4;2;UPDATE tbl_cp_diferentes SET tbl_localidades_id_c = '2826-4' WHERE loc_cpos = '2826' AND loc_scpo = '1';
2826;2;ALDEA SAN ANTONIO (2826-2);2826-2;ALDEA SAN ANTONIO;2826-1;2;UPDATE tbl_cp_diferentes SET tbl_localidades_id_c = '2826-1' WHERE loc_cpos = '2826' AND loc_scpo = '2';
2826;3;URDINARRAIN (2826-3);2826-3;URDINARRAIN;2826-0;2;UPDATE tbl_cp_diferentes SET tbl_localidades_id_c = '2826-0' WHERE loc_cpos = '2826' AND loc_scpo = '3';
2826;4;ALDEA SAN JUAN (2826-4);2826-4;ALDEA SAN JUAN;2826-4;1;UPDATE tbl_cp_diferentes SET tbl_localidades_id_c = '2826-4' WHERE loc_cpos = '2826' AND loc_scpo = '4';
2828;0;ESTACIÓN ESCRIÑA (2828-0);2828-0;ESTACIÓN ESCRIÑA;;4;INSERT INTO tbl_localidades (id, name, date_entered, date_modified, modified_user_id, created_by, description, deleted, assigned_user_id, billing_address_city, loc_cpos, loc_scpo, tbl_provincias_id_c, tbl_paises_id_c, loc_zona_riesgo, tbl_departamentos_id_c, ruta_pac, cant_hab_2010, tbl_nodos_id_c, cant_hab, categoria, ruta_pac_orden, codigo_provincia) VALUES ('2828-0', 'ESTACIÓN ESCRIÑA (2828-0)(2828-0)', NOW(), NOW(), '1', '1', 'Localidad ESTACIÓN ESCRIÑA (2828-0)(2828-0)', 0, '1', 'ESTACIÓN ESCRIÑA (2828-0)', '2828', '0', 'E', '1', 'N', 'E000', 0, 0, 'E00', 0, 'Poblacion', 0, NULL);
2828;1;GILBERT (2828-1);2828-1;GILBERT;2828-0;2;UPDATE tbl_cp_diferentes SET tbl_localidades_id_c = '2828-0' WHERE loc_cpos = '2828' AND loc_scpo = '1';
2840;0;GUALEGUAY (2840-0);2840-0;GUALEGUAY;2840-0;1;UPDATE tbl_cp_diferentes SET tbl_localidades_id_c = '2840-0' WHERE loc_cpos = '2840' AND loc_scpo = '0';
2840;1;ESTACIÓN LAZO (2840-1);2840-1;ESTACIÓN LAZO;2840-1;1;UPDATE tbl_cp_diferentes SET tbl_localidades_id_c = '2840-1' WHERE loc_cpos = '2840' AND loc_scpo = '1';
2840;2;PUERTO RUIZ (2840-2);2840-2;PUERTO RUIZ;2840-2;1;UPDATE tbl_cp_diferentes SET tbl_localidades_id_c = '2840-2' WHERE loc_cpos = '2840' AND loc_scpo = '2';
2841;0;ALDEA ASUNCIÓN (2841-0);2841-0;ALDEA ASUNCIÓN;2841-0;1;UPDATE tbl_cp_diferentes SET tbl_localidades_id_c = '2841-0' WHERE loc_cpos = '2841' AND loc_scpo = '0';
2841;1;ESTACIÓN ARROYO CLÉ (2841-1);2841-1;ESTACIÓN ARROYO CLÉ;2841-1;1;UPDATE tbl_cp_diferentes SET tbl_localidades_id_c = '2841-1' WHERE loc_cpos = '2841' AND loc_scpo = '1';
2843;0;GENERAL GALARZA (2843-0);2843-0;GENERAL GALARZA;2843-0;1;UPDATE tbl_cp_diferentes SET tbl_localidades_id_c = '2843-0' WHERE loc_cpos = '2843' AND loc_scpo = '0';
2845;0;GOBERNADOR MANSILLA (2845-0);2845-0;GOBERNADOR MANSILLA;2845-0;1;UPDATE tbl_cp_diferentes SET tbl_localidades_id_c = '2845-0' WHERE loc_cpos = '2845' AND loc_scpo = '0';
2845;1;GOBERNADOR ECHAGUE (2845-1);2845-1;GOBERNADOR ECHAGUE;2845-1;1;UPDATE tbl_cp_diferentes SET tbl_localidades_id_c = '2845-1' WHERE loc_cpos = '2845' AND loc_scpo = '1';
2846;0;IBICUY (2846-0);2846-0;IBICUY;2846-0;1;UPDATE tbl_cp_diferentes SET tbl_localidades_id_c = '2846-0' WHERE loc_cpos = '2846' AND loc_scpo = '0';
2848;0;MÉDANOS (2848-0);2848-0;MÉDANOS;2846-1;2;UPDATE tbl_cp_diferentes SET tbl_localidades_id_c = '2846-1' WHERE loc_cpos = '2848' AND loc_scpo = '0';
2852;0;IRAZUSTA (2852-0);2852-0;IRAZUSTA;;4;INSERT INTO tbl_localidades (id, name, date_entered, date_modified, modified_user_id, created_by, description, deleted, assigned_user_id, billing_address_city, loc_cpos, loc_scpo, tbl_provincias_id_c, tbl_paises_id_c, loc_zona_riesgo, tbl_departamentos_id_c, ruta_pac, cant_hab_2010, tbl_nodos_id_c, cant_hab, categoria, ruta_pac_orden, codigo_provincia) VALUES ('2852-0', 'IRAZUSTA (2852-0)(2852-0)', NOW(), NOW(), '1', '1', 'Localidad IRAZUSTA (2852-0)(2852-0)', 0, '1', 'IRAZUSTA (2852-0)', '2852', '0', 'E', '1', 'N', 'E000', 0, 0, 'E00', 0, 'Poblacion', 0, NULL);
2852;1;ENRIQUE CARBO (2852-1);2852-1;ENRIQUE CARBO;2852-0;2;UPDATE tbl_cp_diferentes SET tbl_localidades_id_c = '2852-0' WHERE loc_cpos = '2852' AND loc_scpo = '1';
2854;0;LARROQUE (2854-0);2854-0;LARROQUE;2854-0;1;UPDATE tbl_cp_diferentes SET tbl_localidades_id_c = '2854-0' WHERE loc_cpos = '2854' AND loc_scpo = '0';
3100;0;PARANA (3100-0);3100-0;PARANA;3100-0;1;UPDATE tbl_cp_diferentes SET tbl_localidades_id_c = '3100-0' WHERE loc_cpos = '3100' AND loc_scpo = '0';
3100;1;ORO VERDE (3100-1);3100-1;ORO VERDE;3100-1;1;UPDATE tbl_cp_diferentes SET tbl_localidades_id_c = '3100-1' WHERE loc_cpos = '3100' AND loc_scpo = '1';
3100;2;COLONIA AVELLANEDA (3100-2);3100-2;COLONIA AVELLANEDA;3100-2;1;UPDATE tbl_cp_diferentes SET tbl_localidades_id_c = '3100-2' WHERE loc_cpos = '3100' AND loc_scpo = '2';
3101;0;ALDEA PROTESTANTE (3101-0);3101-0;ALDEA PROTESTANTE;3101-4;2;UPDATE tbl_cp_diferentes SET tbl_localidades_id_c = '3101-4' WHERE loc_cpos = '3101' AND loc_scpo = '0';
3101;1;ALDEA SPATZENKUTTER (3101-1);3101-1;ALDEA SPATZENKUTTER;3101-3;2;UPDATE tbl_cp_diferentes SET tbl_localidades_id_c = '3101-3' WHERE loc_cpos = '3101' AND loc_scpo = '1';
3101;2;PUERTO LAS CUEVAS (3101-2);3101-2;PUERTO LAS CUEVAS;3101-5*;3;UPDATE tbl_cp_diferentes SET tbl_localidades_id_c = '3101-5' WHERE loc_cpos = '3101' AND loc_scpo = '2';
3101;3;STROBEL (3101-3);3101-3;STROBEL;3101-1;2;UPDATE tbl_cp_diferentes SET tbl_localidades_id_c = '3101-1' WHERE loc_cpos = '3101' AND loc_scpo = '3';
3101;4;ALDEA SALTO (3101-4);3101-4;ALDEA SALTO;;4;INSERT INTO tbl_localidades (id, name, date_entered, date_modified, modified_user_id, created_by, description, deleted, assigned_user_id, billing_address_city, loc_cpos, loc_scpo, tbl_provincias_id_c, tbl_paises_id_c, loc_zona_riesgo, tbl_departamentos_id_c, ruta_pac, cant_hab_2010, tbl_nodos_id_c, cant_hab, categoria, ruta_pac_orden, codigo_provincia) VALUES ('3101-4', 'ALDEA SALTO (3101-4)(3101-4)', NOW(), NOW(), '1', '1', 'Localidad ALDEA SALTO (3101-4)(3101-4)', 0, '1', 'ALDEA SALTO (3101-4)', '3101', '4', 'E', '1', 'N', 'E000', 0, 0, 'E00', 0, 'Poblacion', 0, NULL);
3101;5;ALDEA SAN FRANCISCO (3101-5);3101-5;ALDEA SAN FRANCISCO;;4;INSERT INTO tbl_localidades (id, name, date_entered, date_modified, modified_user_id, created_by, description, deleted, assigned_user_id, billing_address_city, loc_cpos, loc_scpo, tbl_provincias_id_c, tbl_paises_id_c, loc_zona_riesgo, tbl_departamentos_id_c, ruta_pac, cant_hab_2010, tbl_nodos_id_c, cant_hab, categoria, ruta_pac_orden, codigo_provincia) VALUES ('3101-5', 'ALDEA SAN FRANCISCO (3101-5)(3101-5)', NOW(), NOW(), '1', '1', 'Localidad ALDEA SAN FRANCISCO (3101-5)(3101-5)', 0, '1', 'ALDEA SAN FRANCISCO (3101-5)', '3101', '5', 'E', '1', 'N', 'E000', 0, 0, 'E00', 0, 'Poblacion', 0, NULL);
3101;6;COLONIA ENSAYO (3101-6);3101-6;COLONIA ENSAYO;3101-6;1;UPDATE tbl_cp_diferentes SET tbl_localidades_id_c = '3101-6' WHERE loc_cpos = '3101' AND loc_scpo = '6';
3101;7;GENERAL ALVEAR (3101-7);3101-7;GENERAL ALVEAR;;4;INSERT INTO tbl_localidades (id, name, date_entered, date_modified, modified_user_id, created_by, description, deleted, assigned_user_id, billing_address_city, loc_cpos, loc_scpo, tbl_provincias_id_c, tbl_paises_id_c, loc_zona_riesgo, tbl_departamentos_id_c, ruta_pac, cant_hab_2010, tbl_nodos_id_c, cant_hab, categoria, ruta_pac_orden, codigo_provincia) VALUES ('3101-7', 'GENERAL ALVEAR (3101-7)(3101-7)', NOW(), NOW(), '1', '1', 'Localidad GENERAL ALVEAR (3101-7)(3101-7)', 0, '1', 'GENERAL ALVEAR (3101-7)', '3101', '7', 'E', '1', 'N', 'E000', 0, 0, 'E00', 0, 'Poblacion', 0, NULL);
3101;8;LA JUANITA (3101-8);3101-8;LA JUANITA;;4;INSERT INTO tbl_localidades (id, name, date_entered, date_modified, modified_user_id, created_by, description, deleted, assigned_user_id, billing_address_city, loc_cpos, loc_scpo, tbl_provincias_id_c, tbl_paises_id_c, loc_zona_riesgo, tbl_departamentos_id_c, ruta_pac, cant_hab_2010, tbl_nodos_id_c, cant_hab, categoria, ruta_pac_orden, codigo_provincia) VALUES ('3101-8', 'LA JUANITA (3101-8)(3101-8)', NOW(), NOW(), '1', '1', 'Localidad LA JUANITA (3101-8)(3101-8)', 0, '1', 'LA JUANITA (3101-8)', '3101', '8', 'E', '1', 'N', 'E000', 0, 0, 'E00', 0, 'Poblacion', 0, NULL);
3101;9;LAS JAULAS (3101-9);3101-9;LAS JAULAS;;4;INSERT INTO tbl_localidades (id, name, date_entered, date_modified, modified_user_id, created_by, description, deleted, assigned_user_id, billing_address_city, loc_cpos, loc_scpo, tbl_provincias_id_c, tbl_paises_id_c, loc_zona_riesgo, tbl_departamentos_id_c, ruta_pac, cant_hab_2010, tbl_nodos_id_c, cant_hab, categoria, ruta_pac_orden, codigo_provincia) VALUES ('3101-9', 'LAS JAULAS (3101-9)(3101-9)', NOW(), NOW(), '1', '1', 'Localidad LAS JAULAS (3101-9)(3101-9)', 0, '1', 'LAS JAULAS (3101-9)', '3101', '9', 'E', '1', 'N', 'E000', 0, 0, 'E00', 0, 'Poblacion', 0, NULL);
3101;10;PARAJE LA VIRGEN (3101-10);3101-10;PARAJE LA VIRGEN;;4;INSERT INTO tbl_localidades (id, name, date_entered, date_modified, modified_user_id, created_by, description, deleted, assigned_user_id, billing_address_city, loc_cpos, loc_scpo, tbl_provincias_id_c, tbl_paises_id_c, loc_zona_riesgo, tbl_departamentos_id_c, ruta_pac, cant_hab_2010, tbl_nodos_id_c, cant_hab, categoria, ruta_pac_orden, codigo_provincia) VALUES ('3101-10', 'PARAJE LA VIRGEN (3101-10)(3101-10)', NOW(), NOW(), '1', '1', 'Localidad PARAJE LA VIRGEN (3101-10)(3101-10)', 0, '1', 'PARAJE LA VIRGEN (3101-10)', '3101', '10', 'E', '1', 'N', 'E000', 0, 0, 'E00', 0, 'Poblacion', 0, NULL);
3101;11;ALDEA VALLE MARIA (3101-11);3101-11;ALDEA VALLE MARIA;3101-0;2;UPDATE tbl_cp_diferentes SET tbl_localidades_id_c = '3101-0' WHERE loc_cpos = '3101' AND loc_scpo = '11';
3101;12;ALDEA BRASILERA (3101-12);3101-12;ALDEA BRASILERA;3101-2;2;UPDATE tbl_cp_diferentes SET tbl_localidades_id_c = '3101-2' WHERE loc_cpos = '3101' AND loc_scpo = '12';
3101;13;MOLINO DOLL (3101-13);3101-13;MOLINO DOLL;;4;INSERT INTO tbl_localidades (id, name, date_entered, date_modified, modified_user_id, created_by, description, deleted, assigned_user_id, billing_address_city, loc_cpos, loc_scpo, tbl_provincias_id_c, tbl_paises_id_c, loc_zona_riesgo, tbl_departamentos_id_c, ruta_pac, cant_hab_2010, tbl_nodos_id_c, cant_hab, categoria, ruta_pac_orden, codigo_provincia) VALUES ('3101-13', 'MOLINO DOLL (3101-13)(3101-13)', NOW(), NOW(), '1', '1', 'Localidad MOLINO DOLL (3101-13)(3101-13)', 0, '1', 'MOLINO DOLL (3101-13)', '3101', '13', 'E', '1', 'N', 'E000', 0, 0, 'E00', 0, 'Poblacion', 0, NULL);
3103;0;VILLA LIBERTADOR SAN MARTÍN (3103-0);3103-0;VILLA LIBERTADOR SAN MARTÍN;3103-0;1;UPDATE tbl_cp_diferentes SET tbl_localidades_id_c = '3103-0' WHERE loc_cpos = '3103' AND loc_scpo = '0';
3105;0;DIAMANTE (3105-0);3105-0;DIAMANTE;3105-0;1;UPDATE tbl_cp_diferentes SET tbl_localidades_id_c = '3105-0' WHERE loc_cpos = '3105' AND loc_scpo = '0';
3107;0;SAN BENITO (3107-0);3107-0;SAN BENITO;3107-0;1;UPDATE tbl_cp_diferentes SET tbl_localidades_id_c = '3107-0' WHERE loc_cpos = '3107' AND loc_scpo = '0';
3107;1;SAUCE PINTO (3107-1);3107-1;SAUCE PINTO;;4;INSERT INTO tbl_localidades (id, name, date_entered, date_modified, modified_user_id, created_by, description, deleted, assigned_user_id, billing_address_city, loc_cpos, loc_scpo, tbl_provincias_id_c, tbl_paises_id_c, loc_zona_riesgo, tbl_departamentos_id_c, ruta_pac, cant_hab_2010, tbl_nodos_id_c, cant_hab, categoria, ruta_pac_orden, codigo_provincia) VALUES ('3107-1', 'SAUCE PINTO (3107-1)(3107-1)', NOW(), NOW(), '1', '1', 'Localidad SAUCE PINTO (3107-1)(3107-1)', 0, '1', 'SAUCE PINTO (3107-1)', '3107', '1', 'E', '1', 'N', 'E000', 0, 0, 'E00', 0, 'Poblacion', 0, NULL);
3109;0;QUEBRACHO (3109-0);3109-0;QUEBRACHO;;4;INSERT INTO tbl_localidades (id, name, date_entered, date_modified, modified_user_id, created_by, description, deleted, assigned_user_id, billing_address_city, loc_cpos, loc_scpo, tbl_provincias_id_c, tbl_paises_id_c, loc_zona_riesgo, tbl_departamentos_id_c, ruta_pac, cant_hab_2010, tbl_nodos_id_c, cant_hab, categoria, ruta_pac_orden, codigo_provincia) VALUES ('3109-0', 'QUEBRACHO (3109-0)(3109-0)', NOW(), NOW(), '1', '1', 'Localidad QUEBRACHO (3109-0)(3109-0)', 0, '1', 'QUEBRACHO (3109-0)', '3109', '0', 'E', '1', 'N', 'E000', 0, 0, 'E00', 0, 'Poblacion', 0, NULL);
3109;1;EL RAMBLÓN (3109-1);3109-1;EL RAMBLÓN;;4;INSERT INTO tbl_localidades (id, name, date_entered, date_modified, modified_user_id, created_by, description, deleted, assigned_user_id, billing_address_city, loc_cpos, loc_scpo, tbl_provincias_id_c, tbl_paises_id_c, loc_zona_riesgo, tbl_departamentos_id_c, ruta_pac, cant_hab_2010, tbl_nodos_id_c, cant_hab, categoria, ruta_pac_orden, codigo_provincia) VALUES ('3109-1', 'EL RAMBLÓN (3109-1)(3109-1)', NOW(), NOW(), '1', '1', 'Localidad EL RAMBLÓN (3109-1)(3109-1)', 0, '1', 'EL RAMBLÓN (3109-1)', '3109', '1', 'E', '1', 'N', 'E000', 0, 0, 'E00', 0, 'Poblacion', 0, NULL);
3109;2;VIALE (3109-2);3109-2;VIALE;3109-0;2;UPDATE tbl_cp_diferentes SET tbl_localidades_id_c = '3109-0' WHERE loc_cpos = '3109' AND loc_scpo = '2';
3111;0;LAS TUNAS (3111-0);3111-0;LAS TUNAS;3111-2;2;UPDATE tbl_cp_diferentes SET tbl_localidades_id_c = '3111-2' WHERE loc_cpos = '3111' AND loc_scpo = '0';
3111;1;TABOSSI (3111-1);3111-1;TABOSSI;3111-1;1;UPDATE tbl_cp_diferentes SET tbl_localidades_id_c = '3111-1' WHERE loc_cpos = '3111' AND loc_scpo = '1';
3113;0;PUEBLO GENERAL SAN MARTÍN (CURTIEMBRE) (3113-0);3113-0;PUEBLO GENERAL SAN MARTÍN;;4;INSERT INTO tbl_localidades (id, name, date_entered, date_modified, modified_user_id, created_by, description, deleted, assigned_user_id, billing_address_city, loc_cpos, loc_scpo, tbl_provincias_id_c, tbl_paises_id_c, loc_zona_riesgo, tbl_departamentos_id_c, ruta_pac, cant_hab_2010, tbl_nodos_id_c, cant_hab, categoria, ruta_pac_orden, codigo_provincia) VALUES ('3113-0', 'PUEBLO GENERAL SAN MARTÍN (CURTIEMBRE) (3113-0)(3113-0)', NOW(), NOW(), '1', '1', 'Localidad PUEBLO GENERAL SAN MARTÍN (CURTIEMBRE) (3113-0)(3113-0)', 0, '1', 'PUEBLO GENERAL SAN MARTÍN (CURTIEMBRE) (3113-0)', '3113', '0', 'E', '1', 'N', 'E000', 0, 0, 'E00', 0, 'Poblacion', 0, NULL);
3113;1;VILLA URQUIZA (3113-1);3113-1;VILLA URQUIZA;3113-1;1;UPDATE tbl_cp_diferentes SET tbl_localidades_id_c = '3113-1' WHERE loc_cpos = '3113' AND loc_scpo = '1';
3114;0;GENERAL RACEDO (EL CARMEN) (ESTACIÓN RACEDO) (3114-0);3114-0;GENERAL RACEDO;;4;INSERT INTO tbl_localidades (id, name, date_entered, date_modified, modified_user_id, created_by, description, deleted, assigned_user_id, billing_address_city, loc_cpos, loc_scpo, tbl_provincias_id_c, tbl_paises_id_c, loc_zona_riesgo, tbl_departamentos_id_c, ruta_pac, cant_hab_2010, tbl_nodos_id_c, cant_hab, categoria, ruta_pac_orden, codigo_provincia) VALUES ('3114-0', 'GENERAL RACEDO (EL CARMEN) (ESTACIÓN RACEDO) (3114-0)(3114-0)', NOW(), NOW(), '1', '1', 'Localidad GENERAL RACEDO (EL CARMEN) (ESTACIÓN RACEDO) (3114-0)(3114-0)', 0, '1', 'GENERAL RACEDO (EL CARMEN) (ESTACIÓN RACEDO) (3114-0)', '3114', '0', 'E', '1', 'N', 'E000', 0, 0, 'E00', 0, 'Poblacion', 0, NULL);
3114;1;ALDEA GRAPSCHENTAL (3114-1);3114-1;ALDEA GRAPSCHENTAL;;4;INSERT INTO tbl_localidades (id, name, date_entered, date_modified, modified_user_id, created_by, description, deleted, assigned_user_id, billing_address_city, loc_cpos, loc_scpo, tbl_provincias_id_c, tbl_paises_id_c, loc_zona_riesgo, tbl_departamentos_id_c, ruta_pac, cant_hab_2010, tbl_nodos_id_c, cant_hab, categoria, ruta_pac_orden, codigo_provincia) VALUES ('3114-1', 'ALDEA GRAPSCHENTAL (3114-1)(3114-1)', NOW(), NOW(), '1', '1', 'Localidad ALDEA GRAPSCHENTAL (3114-1)(3114-1)', 0, '1', 'ALDEA GRAPSCHENTAL (3114-1)', '3114', '1', 'E', '1', 'N', 'E000', 0, 0, 'E00', 0, 'Poblacion', 0, NULL);
3114;2;VILLA GDOR. LUIS F. ETCHEVEHERE (3114-2);3114-2;VILLA GDOR. LUIS F. ETCHEVEHERE;;4;INSERT INTO tbl_localidades (id, name, date_entered, date_modified, modified_user_id, created_by, description, deleted, assigned_user_id, billing_address_city, loc_cpos, loc_scpo, tbl_provincias_id_c, tbl_paises_id_c, loc_zona_riesgo, tbl_departamentos_id_c, ruta_pac, cant_hab_2010, tbl_nodos_id_c, cant_hab, categoria, ruta_pac_orden, codigo_provincia) VALUES ('3114-2', 'VILLA GDOR. LUIS F. ETCHEVEHERE (3114-2)(3114-2)', NOW(), NOW(), '1', '1', 'Localidad VILLA GDOR. LUIS F. ETCHEVEHERE (3114-2)(3114-2)', 0, '1', 'VILLA GDOR. LUIS F. ETCHEVEHERE (3114-2)', '3114', '2', 'E', '1', 'N', 'E000', 0, 0, 'E00', 0, 'Poblacion', 0, NULL);
3114;3;ALDEA MARIA LUISA (3114-3);3114-3;ALDEA MARIA LUISA;3114-0;2;UPDATE tbl_cp_diferentes SET tbl_localidades_id_c = '3114-0' WHERE loc_cpos = '3114' AND loc_scpo = '3';
3114;4;VILLA FONTANA (3114-4);3114-4;VILLA FONTANA;;4;INSERT INTO tbl_localidades (id, name, date_entered, date_modified, modified_user_id, created_by, description, deleted, assigned_user_id, billing_address_city, loc_cpos, loc_scpo, tbl_provincias_id_c, tbl_paises_id_c, loc_zona_riesgo, tbl_departamentos_id_c, ruta_pac, cant_hab_2010, tbl_nodos_id_c, cant_hab, categoria, ruta_pac_orden, codigo_provincia) VALUES ('3114-4', 'VILLA FONTANA (3114-4)(3114-4)', NOW(), NOW(), '1', '1', 'Localidad VILLA FONTANA (3114-4)(3114-4)', 0, '1', 'VILLA FONTANA (3114-4)', '3114', '4', 'E', '1', 'N', 'E000', 0, 0, 'E00', 0, 'Poblacion', 0, NULL);
3116;0;ESPINILLO NORTE (3116-0);3116-0;ESPINILLO NORTE;;4;INSERT INTO tbl_localidades (id, name, date_entered, date_modified, modified_user_id, created_by, description, deleted, assigned_user_id, billing_address_city, loc_cpos, loc_scpo, tbl_provincias_id_c, tbl_paises_id_c, loc_zona_riesgo, tbl_departamentos_id_c, ruta_pac, cant_hab_2010, tbl_nodos_id_c, cant_hab, categoria, ruta_pac_orden, codigo_provincia) VALUES ('3116-0', 'ESPINILLO NORTE (3116-0)(3116-0)', NOW(), NOW(), '1', '1', 'Localidad ESPINILLO NORTE (3116-0)(3116-0)', 0, '1', 'ESPINILLO NORTE (3116-0)', '3116', '0', 'E', '1', 'N', 'E000', 0, 0, 'E00', 0, 'Poblacion', 0, NULL);
3116;1;ALDEA SANTA ROSA (3116-1);3116-1;ALDEA SANTA ROSA;;4;INSERT INTO tbl_localidades (id, name, date_entered, date_modified, modified_user_id, created_by, description, deleted, assigned_user_id, billing_address_city, loc_cpos, loc_scpo, tbl_provincias_id_c, tbl_paises_id_c, loc_zona_riesgo, tbl_departamentos_id_c, ruta_pac, cant_hab_2010, tbl_nodos_id_c, cant_hab, categoria, ruta_pac_orden, codigo_provincia) VALUES ('3116-1', 'ALDEA SANTA ROSA (3116-1)(3116-1)', NOW(), NOW(), '1', '1', 'Localidad ALDEA SANTA ROSA (3116-1)(3116-1)', 0, '1', 'ALDEA SANTA ROSA (3116-1)', '3116', '1', 'E', '1', 'N', 'E000', 0, 0, 'E00', 0, 'Poblacion', 0, NULL);
3116;2;CRESPO (3116-2);3116-2;CRESPO;3116-0;2;UPDATE tbl_cp_diferentes SET tbl_localidades_id_c = '3116-0' WHERE loc_cpos = '3116' AND loc_scpo = '2';
3117;0;SEGUI (3117-0);3117-0;SEGUI;3117-0*;3;UPDATE tbl_cp_diferentes SET tbl_localidades_id_c = '3117-0' WHERE loc_cpos = '3117' AND loc_scpo = '0';
3118;0;COLONIA NUEVA (3118-0);3118-0;COLONIA NUEVA;3118-1;2;UPDATE tbl_cp_diferentes SET tbl_localidades_id_c = '3118-1' WHERE loc_cpos = '3118' AND loc_scpo = '0';
3118;1;LA PICADA (3118-1);3118-1;LA PICADA;3118-0;2;UPDATE tbl_cp_diferentes SET tbl_localidades_id_c = '3118-0' WHERE loc_cpos = '3118' AND loc_scpo = '1';
3118;2;COLONIA CRESPO (3118-2);3118-2;COLONIA CRESPO;3116-0*;3;UPDATE tbl_cp_diferentes SET tbl_localidades_id_c = '3116-0' WHERE loc_cpos = '3118' AND loc_scpo = '2';
3118;3;SAUCE MONTRULL (3118-3);3118-3;SAUCE MONTRULL;;4;INSERT INTO tbl_localidades (id, name, date_entered, date_modified, modified_user_id, created_by, description, deleted, assigned_user_id, billing_address_city, loc_cpos, loc_scpo, tbl_provincias_id_c, tbl_paises_id_c, loc_zona_riesgo, tbl_departamentos_id_c, ruta_pac, cant_hab_2010, tbl_nodos_id_c, cant_hab, categoria, ruta_pac_orden, codigo_provincia) VALUES ('3118-3', 'SAUCE MONTRULL (3118-3)(3118-3)', NOW(), NOW(), '1', '1', 'Localidad SAUCE MONTRULL (3118-3)(3118-3)', 0, '1', 'SAUCE MONTRULL (3118-3)', '3118', '3', 'E', '1', 'N', 'E000', 0, 0, 'E00', 0, 'Poblacion', 0, NULL);
3122;0;EL PALENQUE (3122-0);3122-0;EL PALENQUE;;4;INSERT INTO tbl_localidades (id, name, date_entered, date_modified, modified_user_id, created_by, description, deleted, assigned_user_id, billing_address_city, loc_cpos, loc_scpo, tbl_provincias_id_c, tbl_paises_id_c, loc_zona_riesgo, tbl_departamentos_id_c, ruta_pac, cant_hab_2010, tbl_nodos_id_c, cant_hab, categoria, ruta_pac_orden, codigo_provincia) VALUES ('3122-0', 'EL PALENQUE (3122-0)(3122-0)', NOW(), NOW(), '1', '1', 'Localidad EL PALENQUE (3122-0)(3122-0)', 0, '1', 'EL PALENQUE (3122-0)', '3122', '0', 'E', '1', 'N', 'E000', 0, 0, 'E00', 0, 'Poblacion', 0, NULL);
3122;1;CERRITO (3122-1);3122-1;CERRITO;3122-0;2;UPDATE tbl_cp_diferentes SET tbl_localidades_id_c = '3122-0' WHERE loc_cpos = '3122' AND loc_scpo = '1';
3123;0;ALDEA SANTA MARÍA (3123-0);3123-0;ALDEA SANTA MARÍA;;4;INSERT INTO tbl_localidades (id, name, date_entered, date_modified, modified_user_id, created_by, description, deleted, assigned_user_id, billing_address_city, loc_cpos, loc_scpo, tbl_provincias_id_c, tbl_paises_id_c, loc_zona_riesgo, tbl_departamentos_id_c, ruta_pac, cant_hab_2010, tbl_nodos_id_c, cant_hab, categoria, ruta_pac_orden, codigo_provincia) VALUES ('3123-0', 'ALDEA SANTA MARÍA (3123-0)(3123-0)', NOW(), NOW(), '1', '1', 'Localidad ALDEA SANTA MARÍA (3123-0)(3123-0)', 0, '1', 'ALDEA SANTA MARÍA (3123-0)', '3123', '0', 'E', '1', 'N', 'E000', 0, 0, 'E00', 0, 'Poblacion', 0, NULL);
3125;0;PUEBLO BRUGO (3125-0);3125-0;PUEBLO BRUGO;3125-0;1;UPDATE tbl_cp_diferentes SET tbl_localidades_id_c = '3125-0' WHERE loc_cpos = '3125' AND loc_scpo = '0';
3127;0;HERNANDARIAS (3127-0);3127-0;HERNANDARIAS;3127-0;1;UPDATE tbl_cp_diferentes SET tbl_localidades_id_c = '3127-0' WHERE loc_cpos = '3127' AND loc_scpo = '0';
3127;1;PUERTO ALGARROBO (3127-1);3127-1;PUERTO ALGARROBO;;4;INSERT INTO tbl_localidades (id, name, date_entered, date_modified, modified_user_id, created_by, description, deleted, assigned_user_id, billing_address_city, loc_cpos, loc_scpo, tbl_provincias_id_c, tbl_paises_id_c, loc_zona_riesgo, tbl_departamentos_id_c, ruta_pac, cant_hab_2010, tbl_nodos_id_c, cant_hab, categoria, ruta_pac_orden, codigo_provincia) VALUES ('3127-1', 'PUERTO ALGARROBO (3127-1)(3127-1)', NOW(), NOW(), '1', '1', 'Localidad PUERTO ALGARROBO (3127-1)(3127-1)', 0, '1', 'PUERTO ALGARROBO (3127-1)', '3127', '1', 'E', '1', 'N', 'E000', 0, 0, 'E00', 0, 'Poblacion', 0, NULL);
3129;0;PIEDRAS BLANCAS (3129-0);3129-0;PIEDRAS BLANCAS;3129-0;1;UPDATE tbl_cp_diferentes SET tbl_localidades_id_c = '3129-0' WHERE loc_cpos = '3129' AND loc_scpo = '0';
3131;0;TEZANOS PINTO (3131-0);3131-0;TEZANOS PINTO;;4;INSERT INTO tbl_localidades (id, name, date_entered, date_modified, modified_user_id, created_by, description, deleted, assigned_user_id, billing_address_city, loc_cpos, loc_scpo, tbl_provincias_id_c, tbl_paises_id_c, loc_zona_riesgo, tbl_departamentos_id_c, ruta_pac, cant_hab_2010, tbl_nodos_id_c, cant_hab, categoria, ruta_pac_orden, codigo_provincia) VALUES ('3131-0', 'TEZANOS PINTO (3131-0)(3131-0)', NOW(), NOW(), '1', '1', 'Localidad TEZANOS PINTO (3131-0)(3131-0)', 0, '1', 'TEZANOS PINTO (3131-0)', '3131', '0', 'E', '1', 'N', 'E000', 0, 0, 'E00', 0, 'Poblacion', 0, NULL);
3132;0;ESTACION EL PINGO (3132-0);3132-0;ESTACION EL PINGO;3132-0;1;UPDATE tbl_cp_diferentes SET tbl_localidades_id_c = '3132-0' WHERE loc_cpos = '3132' AND loc_scpo = '0';
3133;0;MARIA GRANDE (3133-0);3133-0;MARIA GRANDE;3133-0;1;UPDATE tbl_cp_diferentes SET tbl_localidades_id_c = '3133-0' WHERE loc_cpos = '3133' AND loc_scpo = '0';
3133;1;SOSA (3133-1);3133-1;SOSA;;4;INSERT INTO tbl_localidades (id, name, date_entered, date_modified, modified_user_id, created_by, description, deleted, assigned_user_id, billing_address_city, loc_cpos, loc_scpo, tbl_provincias_id_c, tbl_paises_id_c, loc_zona_riesgo, tbl_departamentos_id_c, ruta_pac, cant_hab_2010, tbl_nodos_id_c, cant_hab, categoria, ruta_pac_orden, codigo_provincia) VALUES ('3133-1', 'SOSA (3133-1)(3133-1)', NOW(), NOW(), '1', '1', 'Localidad SOSA (3133-1)(3133-1)', 0, '1', 'SOSA (3133-1)', '3133', '1', 'E', '1', 'N', 'E000', 0, 0, 'E00', 0, 'Poblacion', 0, NULL);
3134;0;HASENKAMP (3134-0);3134-0;HASENKAMP;3134-0;1;UPDATE tbl_cp_diferentes SET tbl_localidades_id_c = '3134-0' WHERE loc_cpos = '3134' AND loc_scpo = '0';
3135;0;ALDEA SAN RAFAEL (3135-0);3135-0;ALDEA SAN RAFAEL;;4;INSERT INTO tbl_localidades (id, name, date_entered, date_modified, modified_user_id, created_by, description, deleted, assigned_user_id, billing_address_city, loc_cpos, loc_scpo, tbl_provincias_id_c, tbl_paises_id_c, loc_zona_riesgo, tbl_departamentos_id_c, ruta_pac, cant_hab_2010, tbl_nodos_id_c, cant_hab, categoria, ruta_pac_orden, codigo_provincia) VALUES ('3135-0', 'ALDEA SAN RAFAEL (3135-0)(3135-0)', NOW(), NOW(), '1', '1', 'Localidad ALDEA SAN RAFAEL (3135-0)(3135-0)', 0, '1', 'ALDEA SAN RAFAEL (3135-0)', '3135', '0', 'E', '1', 'N', 'E000', 0, 0, 'E00', 0, 'Poblacion', 0, NULL);
3136;0;PUEBLO BELLOCQ (LAS GARZAS) (3136-0);3136-0;PUEBLO BELLOCQ;;4;INSERT INTO tbl_localidades (id, name, date_entered, date_modified, modified_user_id, created_by, description, deleted, assigned_user_id, billing_address_city, loc_cpos, loc_scpo, tbl_provincias_id_c, tbl_paises_id_c, loc_zona_riesgo, tbl_departamentos_id_c, ruta_pac, cant_hab_2010, tbl_nodos_id_c, cant_hab, categoria, ruta_pac_orden, codigo_provincia) VALUES ('3136-0', 'PUEBLO BELLOCQ (LAS GARZAS) (3136-0)(3136-0)', NOW(), NOW(), '1', '1', 'Localidad PUEBLO BELLOCQ (LAS GARZAS) (3136-0)(3136-0)', 0, '1', 'PUEBLO BELLOCQ (LAS GARZAS) (3136-0)', '3136', '0', 'E', '1', 'N', 'E000', 0, 0, 'E00', 0, 'Poblacion', 0, NULL);
3137;0;EL SOLAR (3137-0);3137-0;EL SOLAR;;4;INSERT INTO tbl_localidades (id, name, date_entered, date_modified, modified_user_id, created_by, description, deleted, assigned_user_id, billing_address_city, loc_cpos, loc_scpo, tbl_provincias_id_c, tbl_paises_id_c, loc_zona_riesgo, tbl_departamentos_id_c, ruta_pac, cant_hab_2010, tbl_nodos_id_c, cant_hab, categoria, ruta_pac_orden, codigo_provincia) VALUES ('3137-0', 'EL SOLAR (3137-0)(3137-0)', NOW(), NOW(), '1', '1', 'Localidad EL SOLAR (3137-0)(3137-0)', 0, '1', 'EL SOLAR (3137-0)', '3137', '0', 'E', '1', 'N', 'E000', 0, 0, 'E00', 0, 'Poblacion', 0, NULL);
3138;0;ALCARAZ (3138-0);3138-0;ALCARAZ;3138-0;1;UPDATE tbl_cp_diferentes SET tbl_localidades_id_c = '3138-0' WHERE loc_cpos = '3138' AND loc_scpo = '0';
3142;0;COLONIA AVIGDOR (3142-0);3142-0;COLONIA AVIGDOR;3142-1;2;UPDATE tbl_cp_diferentes SET tbl_localidades_id_c = '3142-1' WHERE loc_cpos = '3142' AND loc_scpo = '0';
3142;1;BOVRIL (3142-1);3142-1;BOVRIL;3142-0;2;UPDATE tbl_cp_diferentes SET tbl_localidades_id_c = '3142-0' WHERE loc_cpos = '3142' AND loc_scpo = '1';
3142;2;SIR LEONARD (3142-2);3142-2;SIR LEONARD;3131-0;2;UPDATE tbl_cp_diferentes SET tbl_localidades_id_c = '3131-0' WHERE loc_cpos = '3142' AND loc_scpo = '2';
3144;0;SAUCE DE LUNA (3144-0);3144-0;SAUCE DE LUNA;3144-0;1;UPDATE tbl_cp_diferentes SET tbl_localidades_id_c = '3144-0' WHERE loc_cpos = '3144' AND loc_scpo = '0';
3150;0;NOGOYA (3150-0);3150-0;NOGOYA;3150-0;1;UPDATE tbl_cp_diferentes SET tbl_localidades_id_c = '3150-0' WHERE loc_cpos = '3150' AND loc_scpo = '0';
3150;1;ESTACIÓN CAMPS (3150-1);3150-1;ESTACIÓN CAMPS;;4;INSERT INTO tbl_localidades (id, name, date_entered, date_modified, modified_user_id, created_by, description, deleted, assigned_user_id, billing_address_city, loc_cpos, loc_scpo, tbl_provincias_id_c, tbl_paises_id_c, loc_zona_riesgo, tbl_departamentos_id_c, ruta_pac, cant_hab_2010, tbl_nodos_id_c, cant_hab, categoria, ruta_pac_orden, codigo_provincia) VALUES ('3150-1', 'ESTACIÓN CAMPS (3150-1)(3150-1)', NOW(), NOW(), '1', '1', 'Localidad ESTACIÓN CAMPS (3150-1)(3150-1)', 0, '1', 'ESTACIÓN CAMPS (3150-1)', '3150', '1', 'E', '1', 'N', 'E000', 0, 0, 'E00', 0, 'Poblacion', 0, NULL);
3151;0;ANTELO (3151-0);3151-0;ANTELO;3151-0;1;UPDATE tbl_cp_diferentes SET tbl_localidades_id_c = '3151-0' WHERE loc_cpos = '3151' AND loc_scpo = '0';
3151;1;FEBRÉ (3151-1);3151-1;FEBRÉ;;4;INSERT INTO tbl_localidades (id, name, date_entered, date_modified, modified_user_id, created_by, description, deleted, assigned_user_id, billing_address_city, loc_cpos, loc_scpo, tbl_provincias_id_c, tbl_paises_id_c, loc_zona_riesgo, tbl_departamentos_id_c, ruta_pac, cant_hab_2010, tbl_nodos_id_c, cant_hab, categoria, ruta_pac_orden, codigo_provincia) VALUES ('3151-1', 'FEBRÉ (3151-1)(3151-1)', NOW(), NOW(), '1', '1', 'Localidad FEBRÉ (3151-1)(3151-1)', 0, '1', 'FEBRÉ (3151-1)', '3151', '1', 'E', '1', 'N', 'E000', 0, 0, 'E00', 0, 'Poblacion', 0, NULL);
3153;0;VICTORIA (3153-0);3153-0;VICTORIA;3153-0;1;UPDATE tbl_cp_diferentes SET tbl_localidades_id_c = '3153-0' WHERE loc_cpos = '3153' AND loc_scpo = '0';
3155;0;RINCON DE NOGOYA (3155-0);3155-0;RINCON DE NOGOYA;3150-0*;3;UPDATE tbl_cp_diferentes SET tbl_localidades_id_c = '3150-0' WHERE loc_cpos = '3155' AND loc_scpo = '0';
3156;0;HERNANDEZ (3156-0);3156-0;HERNANDEZ;3156-0;1;UPDATE tbl_cp_diferentes SET tbl_localidades_id_c = '3156-0' WHERE loc_cpos = '3156' AND loc_scpo = '0';
3156;1;BETBEDER (3156-1);3156-1;BETBEDER;3152-0;2;UPDATE tbl_cp_diferentes SET tbl_localidades_id_c = '3152-0' WHERE loc_cpos = '3156' AND loc_scpo = '1';
3158;0;20 DE SEPTIEMBRE (3158-0);3158-0;20 DE SEPTIEMBRE;;4;INSERT INTO tbl_localidades (id, name, date_entered, date_modified, modified_user_id, created_by, description, deleted, assigned_user_id, billing_address_city, loc_cpos, loc_scpo, tbl_provincias_id_c, tbl_paises_id_c, loc_zona_riesgo, tbl_departamentos_id_c, ruta_pac, cant_hab_2010, tbl_nodos_id_c, cant_hab, categoria, ruta_pac_orden, codigo_provincia) VALUES ('3158-0', '20 DE SEPTIEMBRE (3158-0)(3158-0)', NOW(), NOW(), '1', '1', 'Localidad 20 DE SEPTIEMBRE (3158-0)(3158-0)', 0, '1', '20 DE SEPTIEMBRE (3158-0)', '3158', '0', 'E', '1', 'N', 'E000', 0, 0, 'E00', 0, 'Poblacion', 0, NULL);
3158;1;LUCAS GONZALEZ (3158-1);3158-1;LUCAS GONZALEZ;3158-0;2;UPDATE tbl_cp_diferentes SET tbl_localidades_id_c = '3158-0' WHERE loc_cpos = '3158' AND loc_scpo = '1';
3162;0;ARANGUREN (3162-0);3162-0;ARANGUREN;3162-0;1;UPDATE tbl_cp_diferentes SET tbl_localidades_id_c = '3162-0' WHERE loc_cpos = '3162' AND loc_scpo = '0';
3164;0;GENERAL RAMIREZ (3164-0);3164-0;GENERAL RAMIREZ;3164-0;1;UPDATE tbl_cp_diferentes SET tbl_localidades_id_c = '3164-0' WHERE loc_cpos = '3164' AND loc_scpo = '0';
3164;1;DON CRISTÓBAL (3164-1);3164-1;DON CRISTÓBAL;;4;INSERT INTO tbl_localidades (id, name, date_entered, date_modified, modified_user_id, created_by, description, deleted, assigned_user_id, billing_address_city, loc_cpos, loc_scpo, tbl_provincias_id_c, tbl_paises_id_c, loc_zona_riesgo, tbl_departamentos_id_c, ruta_pac, cant_hab_2010, tbl_nodos_id_c, cant_hab, categoria, ruta_pac_orden, codigo_provincia) VALUES ('3164-1', 'DON CRISTÓBAL (3164-1)(3164-1)', NOW(), NOW(), '1', '1', 'Localidad DON CRISTÓBAL (3164-1)(3164-1)', 0, '1', 'DON CRISTÓBAL (3164-1)', '3164', '1', 'E', '1', 'N', 'E000', 0, 0, 'E00', 0, 'Poblacion', 0, NULL);
3170;0;BASAVILBASO (3170-0);3170-0;BASAVILBASO;3170-0;1;UPDATE tbl_cp_diferentes SET tbl_localidades_id_c = '3170-0' WHERE loc_cpos = '3170' AND loc_scpo = '0';
3170;1;ESTACION LIBAROS (3170-1);3170-1;ESTACION LIBAROS;3170-1;1;UPDATE tbl_cp_diferentes SET tbl_localidades_id_c = '3170-1' WHERE loc_cpos = '3170' AND loc_scpo = '1';
3170;2;ESTACION URQUIZA (3170-2);3170-2;ESTACION URQUIZA;3170-2;1;UPDATE tbl_cp_diferentes SET tbl_localidades_id_c = '3170-2' WHERE loc_cpos = '3170' AND loc_scpo = '2';
3172;0;ROCAMORA (3172-0);3172-0;ROCAMORA;;4;INSERT INTO tbl_localidades (id, name, date_entered, date_modified, modified_user_id, created_by, description, deleted, assigned_user_id, billing_address_city, loc_cpos, loc_scpo, tbl_provincias_id_c, tbl_paises_id_c, loc_zona_riesgo, tbl_departamentos_id_c, ruta_pac, cant_hab_2010, tbl_nodos_id_c, cant_hab, categoria, ruta_pac_orden, codigo_provincia) VALUES ('3172-0', 'ROCAMORA (3172-0)(3172-0)', NOW(), NOW(), '1', '1', 'Localidad ROCAMORA (3172-0)(3172-0)', 0, '1', 'ROCAMORA (3172-0)', '3172', '0', 'E', '1', 'N', 'E000', 0, 0, 'E00', 0, 'Poblacion', 0, NULL);
3174;0;ALTAMIRANO SUR (3174-0);3174-0;ALTAMIRANO SUR;;4;INSERT INTO tbl_localidades (id, name, date_entered, date_modified, modified_user_id, created_by, description, deleted, assigned_user_id, billing_address_city, loc_cpos, loc_scpo, tbl_provincias_id_c, tbl_paises_id_c, loc_zona_riesgo, tbl_departamentos_id_c, ruta_pac, cant_hab_2010, tbl_nodos_id_c, cant_hab, categoria, ruta_pac_orden, codigo_provincia) VALUES ('3174-0', 'ALTAMIRANO SUR (3174-0)(3174-0)', NOW(), NOW(), '1', '1', 'Localidad ALTAMIRANO SUR (3174-0)(3174-0)', 0, '1', 'ALTAMIRANO SUR (3174-0)', '3174', '0', 'E', '1', 'N', 'E000', 0, 0, 'E00', 0, 'Poblacion', 0, NULL);
3174;1;LAS GUACHAS (3174-1);3174-1;LAS GUACHAS;;4;INSERT INTO tbl_localidades (id, name, date_entered, date_modified, modified_user_id, created_by, description, deleted, assigned_user_id, billing_address_city, loc_cpos, loc_scpo, tbl_provincias_id_c, tbl_paises_id_c, loc_zona_riesgo, tbl_departamentos_id_c, ruta_pac, cant_hab_2010, tbl_nodos_id_c, cant_hab, categoria, ruta_pac_orden, codigo_provincia) VALUES ('3174-1', 'LAS GUACHAS (3174-1)(3174-1)', NOW(), NOW(), '1', '1', 'Localidad LAS GUACHAS (3174-1)(3174-1)', 0, '1', 'LAS GUACHAS (3174-1)', '3174', '1', 'E', '1', 'N', 'E000', 0, 0, 'E00', 0, 'Poblacion', 0, NULL);
3174;2;ROSARIO DEL TALA (3174-2);3174-2;ROSARIO DEL TALA;3174-0;2;UPDATE tbl_cp_diferentes SET tbl_localidades_id_c = '3174-0' WHERE loc_cpos = '3174' AND loc_scpo = '2';
3176;0;GOBERNADOR SOLA (3176-0);3176-0;GOBERNADOR SOLA;3176-0;1;UPDATE tbl_cp_diferentes SET tbl_localidades_id_c = '3176-0' WHERE loc_cpos = '3176' AND loc_scpo = '0';
3177;0;MACIA (3177-0);3177-0;MACIA;3177-0;1;UPDATE tbl_cp_diferentes SET tbl_localidades_id_c = '3177-0' WHERE loc_cpos = '3177' AND loc_scpo = '0';
3177;1;ESTACION DURAZNO (3177-1);3177-1;ESTACION DURAZNO;3177-1;1;UPDATE tbl_cp_diferentes SET tbl_localidades_id_c = '3177-1' WHERE loc_cpos = '3177' AND loc_scpo = '1';
3177;2;ESTACIÓN RAÍCES (3177-2);3177-2;ESTACIÓN RAÍCES;;4;INSERT INTO tbl_localidades (id, name, date_entered, date_modified, modified_user_id, created_by, description, deleted, assigned_user_id, billing_address_city, loc_cpos, loc_scpo, tbl_provincias_id_c, tbl_paises_id_c, loc_zona_riesgo, tbl_departamentos_id_c, ruta_pac, cant_hab_2010, tbl_nodos_id_c, cant_hab, categoria, ruta_pac_orden, codigo_provincia) VALUES ('3177-2', 'ESTACIÓN RAÍCES (3177-2)(3177-2)', NOW(), NOW(), '1', '1', 'Localidad ESTACIÓN RAÍCES (3177-2)(3177-2)', 0, '1', 'ESTACIÓN RAÍCES (3177-2)', '3177', '2', 'E', '1', 'N', 'E000', 0, 0, 'E00', 0, 'Poblacion', 0, NULL);
3179;0;GUARDAMONTE (3179-0);3179-0;GUARDAMONTE;;4;INSERT INTO tbl_localidades (id, name, date_entered, date_modified, modified_user_id, created_by, description, deleted, assigned_user_id, billing_address_city, loc_cpos, loc_scpo, tbl_provincias_id_c, tbl_paises_id_c, loc_zona_riesgo, tbl_departamentos_id_c, ruta_pac, cant_hab_2010, tbl_nodos_id_c, cant_hab, categoria, ruta_pac_orden, codigo_provincia) VALUES ('3179-0', 'GUARDAMONTE (3179-0)(3179-0)', NOW(), NOW(), '1', '1', 'Localidad GUARDAMONTE (3179-0)(3179-0)', 0, '1', 'GUARDAMONTE (3179-0)', '3179', '0', 'E', '1', 'N', 'E000', 0, 0, 'E00', 0, 'Poblacion', 0, NULL);
3180;0;FEDERAL (3180-0);3180-0;FEDERAL;3180-0;1;UPDATE tbl_cp_diferentes SET tbl_localidades_id_c = '3180-0' WHERE loc_cpos = '3180' AND loc_scpo = '0';
3183;0;LOS CONQUISTADORES (3183-0);3183-0;LOS CONQUISTADORES;3183-0;1;UPDATE tbl_cp_diferentes SET tbl_localidades_id_c = '3183-0' WHERE loc_cpos = '3183' AND loc_scpo = '0';
3185;0;SAN JAIME DE LA FRONTERA (3185-0);3185-0;SAN JAIME DE LA FRONTERA;;4;INSERT INTO tbl_localidades (id, name, date_entered, date_modified, modified_user_id, created_by, description, deleted, assigned_user_id, billing_address_city, loc_cpos, loc_scpo, tbl_provincias_id_c, tbl_paises_id_c, loc_zona_riesgo, tbl_departamentos_id_c, ruta_pac, cant_hab_2010, tbl_nodos_id_c, cant_hab, categoria, ruta_pac_orden, codigo_provincia) VALUES ('3185-0', 'SAN JAIME DE LA FRONTERA (3185-0)(3185-0)', NOW(), NOW(), '1', '1', 'Localidad SAN JAIME DE LA FRONTERA (3185-0)(3185-0)', 0, '1', 'SAN JAIME DE LA FRONTERA (3185-0)', '3185', '0', 'E', '1', 'N', 'E000', 0, 0, 'E00', 0, 'Poblacion', 0, NULL);
3187;0;SAN JOSÉ DE FELICIANO (3187-0);3187-0;SAN JOSÉ DE FELICIANO;3187-0;1;UPDATE tbl_cp_diferentes SET tbl_localidades_id_c = '3187-0' WHERE loc_cpos = '3187' AND loc_scpo = '0';
3188;0;CONSCRIPTO BERNARDI (3188-0);3188-0;CONSCRIPTO BERNARDI;;4;INSERT INTO tbl_localidades (id, name, date_entered, date_modified, modified_user_id, created_by, description, deleted, assigned_user_id, billing_address_city, loc_cpos, loc_scpo, tbl_provincias_id_c, tbl_paises_id_c, loc_zona_riesgo, tbl_departamentos_id_c, ruta_pac, cant_hab_2010, tbl_nodos_id_c, cant_hab, categoria, ruta_pac_orden, codigo_provincia) VALUES ('3188-0', 'CONSCRIPTO BERNARDI (3188-0)(3188-0)', NOW(), NOW(), '1', '1', 'Localidad CONSCRIPTO BERNARDI (3188-0)(3188-0)', 0, '1', 'CONSCRIPTO BERNARDI (3188-0)', '3188', '0', 'E', '1', 'N', 'E000', 0, 0, 'E00', 0, 'Poblacion', 0, NULL);
3188;1;ALDEA SAN ISIDRO (EL CIMARRÓN) (3188-1);3188-1;ALDEA SAN ISIDRO;;4;INSERT INTO tbl_localidades (id, name, date_entered, date_modified, modified_user_id, created_by, description, deleted, assigned_user_id, billing_address_city, loc_cpos, loc_scpo, tbl_provincias_id_c, tbl_paises_id_c, loc_zona_riesgo, tbl_departamentos_id_c, ruta_pac, cant_hab_2010, tbl_nodos_id_c, cant_hab, categoria, ruta_pac_orden, codigo_provincia) VALUES ('3188-1', 'ALDEA SAN ISIDRO (EL CIMARRÓN) (3188-1)(3188-1)', NOW(), NOW(), '1', '1', 'Localidad ALDEA SAN ISIDRO (EL CIMARRÓN) (3188-1)(3188-1)', 0, '1', 'ALDEA SAN ISIDRO (EL CIMARRÓN) (3188-1)', '3188', '1', 'E', '1', 'N', 'E000', 0, 0, 'E00', 0, 'Poblacion', 0, NULL);
3190;0;LA PAZ (3190-0);3190-0;LA PAZ;3190-0;1;UPDATE tbl_cp_diferentes SET tbl_localidades_id_c = '3190-0' WHERE loc_cpos = '3190' AND loc_scpo = '0';
3191;0;SAN VÍCTOR (3191-0);3191-0;SAN VÍCTOR;;4;INSERT INTO tbl_localidades (id, name, date_entered, date_modified, modified_user_id, created_by, description, deleted, assigned_user_id, billing_address_city, loc_cpos, loc_scpo, tbl_provincias_id_c, tbl_paises_id_c, loc_zona_riesgo, tbl_departamentos_id_c, ruta_pac, cant_hab_2010, tbl_nodos_id_c, cant_hab, categoria, ruta_pac_orden, codigo_provincia) VALUES ('3191-0', 'SAN VÍCTOR (3191-0)(3191-0)', NOW(), NOW(), '1', '1', 'Localidad SAN VÍCTOR (3191-0)(3191-0)', 0, '1', 'SAN VÍCTOR (3191-0)', '3191', '0', 'E', '1', 'N', 'E000', 0, 0, 'E00', 0, 'Poblacion', 0, NULL);
3191;1;SAN GUSTAVO (3191-1);3191-1;SAN GUSTAVO;3191-0;2;UPDATE tbl_cp_diferentes SET tbl_localidades_id_c = '3191-0' WHERE loc_cpos = '3191' AND loc_scpo = '1';
3192;0;SANTA ELENA (3192-0);3192-0;SANTA ELENA;3192-0;1;UPDATE tbl_cp_diferentes SET tbl_localidades_id_c = '3192-0' WHERE loc_cpos = '3192' AND loc_scpo = '0';
3192;1;EL COLORADO (3192-1);3192-1;EL COLORADO;;4;INSERT INTO tbl_localidades (id, name, date_entered, date_modified, modified_user_id, created_by, description, deleted, assigned_user_id, billing_address_city, loc_cpos, loc_scpo, tbl_provincias_id_c, tbl_paises_id_c, loc_zona_riesgo, tbl_departamentos_id_c, ruta_pac, cant_hab_2010, tbl_nodos_id_c, cant_hab, categoria, ruta_pac_orden, codigo_provincia) VALUES ('3192-1', 'EL COLORADO (3192-1)(3192-1)', NOW(), NOW(), '1', '1', 'Localidad EL COLORADO (3192-1)(3192-1)', 0, '1', 'EL COLORADO (3192-1)', '3192', '1', 'E', '1', 'N', 'E000', 0, 0, 'E00', 0, 'Poblacion', 0, NULL);
3200;0;CONCORDIA (3200-0);3200-0;CONCORDIA;3200-0;1;UPDATE tbl_cp_diferentes SET tbl_localidades_id_c = '3200-0' WHERE loc_cpos = '3200' AND loc_scpo = '0';
3201;0;COLONIA YERUA (ESTACIÓN YERUÁ) (3201-0);3201-0;COLONIA YERUA;3201-3;2;UPDATE tbl_cp_diferentes SET tbl_localidades_id_c = '3201-3' WHERE loc_cpos = '3201' AND loc_scpo = '0';
3201;1;VILLA ZORRAQUIN (3201-1);3201-1;VILLA ZORRAQUIN;3201-2;2;UPDATE tbl_cp_diferentes SET tbl_localidades_id_c = '3201-2' WHERE loc_cpos = '3201' AND loc_scpo = '1';
3201;2;PUERTO YERUA (3201-2);3201-2;PUERTO YERUA;3201-1;2;UPDATE tbl_cp_diferentes SET tbl_localidades_id_c = '3201-1' WHERE loc_cpos = '3201' AND loc_scpo = '2';
3201;3;VILLA ADELA (3201-3);3201-3;VILLA ADELA;3201-0;2;UPDATE tbl_cp_diferentes SET tbl_localidades_id_c = '3201-0' WHERE loc_cpos = '3201' AND loc_scpo = '3';
3201;4;ESTANCIA GRANDE (3201-4);3201-4;ESTANCIA GRANDE;;4;INSERT INTO tbl_localidades (id, name, date_entered, date_modified, modified_user_id, created_by, description, deleted, assigned_user_id, billing_address_city, loc_cpos, loc_scpo, tbl_provincias_id_c, tbl_paises_id_c, loc_zona_riesgo, tbl_departamentos_id_c, ruta_pac, cant_hab_2010, tbl_nodos_id_c, cant_hab, categoria, ruta_pac_orden, codigo_provincia) VALUES ('3201-4', 'ESTANCIA GRANDE (3201-4)(3201-4)', NOW(), NOW(), '1', '1', 'Localidad ESTANCIA GRANDE (3201-4)(3201-4)', 0, '1', 'ESTANCIA GRANDE (3201-4)', '3201', '4', 'E', '1', 'N', 'E000', 0, 0, 'E00', 0, 'Poblacion', 0, NULL);
3201;5;NUEVA ESCOCIA (3201-5);3201-5;NUEVA ESCOCIA;;4;INSERT INTO tbl_localidades (id, name, date_entered, date_modified, modified_user_id, created_by, description, deleted, assigned_user_id, billing_address_city, loc_cpos, loc_scpo, tbl_provincias_id_c, tbl_paises_id_c, loc_zona_riesgo, tbl_departamentos_id_c, ruta_pac, cant_hab_2010, tbl_nodos_id_c, cant_hab, categoria, ruta_pac_orden, codigo_provincia) VALUES ('3201-5', 'NUEVA ESCOCIA (3201-5)(3201-5)', NOW(), NOW(), '1', '1', 'Localidad NUEVA ESCOCIA (3201-5)(3201-5)', 0, '1', 'NUEVA ESCOCIA (3201-5)', '3201', '5', 'E', '1', 'N', 'E000', 0, 0, 'E00', 0, 'Poblacion', 0, NULL);
3201;6;COLONIA GENERAL ROCA (3201-6);3201-6;COLONIA GENERAL ROCA;;4;INSERT INTO tbl_localidades (id, name, date_entered, date_modified, modified_user_id, created_by, description, deleted, assigned_user_id, billing_address_city, loc_cpos, loc_scpo, tbl_provincias_id_c, tbl_paises_id_c, loc_zona_riesgo, tbl_departamentos_id_c, ruta_pac, cant_hab_2010, tbl_nodos_id_c, cant_hab, categoria, ruta_pac_orden, codigo_provincia) VALUES ('3201-6', 'COLONIA GENERAL ROCA (3201-6)(3201-6)', NOW(), NOW(), '1', '1', 'Localidad COLONIA GENERAL ROCA (3201-6)(3201-6)', 0, '1', 'COLONIA GENERAL ROCA (3201-6)', '3201', '6', 'E', '1', 'N', 'E000', 0, 0, 'E00', 0, 'Poblacion', 0, NULL);
3203;0;PEDERNAL (3203-0);3203-0;PEDERNAL;;4;INSERT INTO tbl_localidades (id, name, date_entered, date_modified, modified_user_id, created_by, description, deleted, assigned_user_id, billing_address_city, loc_cpos, loc_scpo, tbl_provincias_id_c, tbl_paises_id_c, loc_zona_riesgo, tbl_departamentos_id_c, ruta_pac, cant_hab_2010, tbl_nodos_id_c, cant_hab, categoria, ruta_pac_orden, codigo_provincia) VALUES ('3203-0', 'PEDERNAL (3203-0)(3203-0)', NOW(), NOW(), '1', '1', 'Localidad PEDERNAL (3203-0)(3203-0)', 0, '1', 'PEDERNAL (3203-0)', '3203', '0', 'E', '1', 'N', 'E000', 0, 0, 'E00', 0, 'Poblacion', 0, NULL);
3203;1;CLODOMIRO LEDESMA (3203-1);3203-1;CLODOMIRO LEDESMA;;4;INSERT INTO tbl_localidades (id, name, date_entered, date_modified, modified_user_id, created_by, description, deleted, assigned_user_id, billing_address_city, loc_cpos, loc_scpo, tbl_provincias_id_c, tbl_paises_id_c, loc_zona_riesgo, tbl_departamentos_id_c, ruta_pac, cant_hab_2010, tbl_nodos_id_c, cant_hab, categoria, ruta_pac_orden, codigo_provincia) VALUES ('3203-1', 'CLODOMIRO LEDESMA (3203-1)(3203-1)', NOW(), NOW(), '1', '1', 'Localidad CLODOMIRO LEDESMA (3203-1)(3203-1)', 0, '1', 'CLODOMIRO LEDESMA (3203-1)', '3203', '1', 'E', '1', 'N', 'E000', 0, 0, 'E00', 0, 'Poblacion', 0, NULL);
3203;2;CALABACILLA (3203-2);3203-2;CALABACILLA;3203-0;2;UPDATE tbl_cp_diferentes SET tbl_localidades_id_c = '3203-0' WHERE loc_cpos = '3203' AND loc_scpo = '2';
3203;3;BENITO LEGERÉN (3203-3);3203-3;BENITO LEGERÉN;;4;INSERT INTO tbl_localidades (id, name, date_entered, date_modified, modified_user_id, created_by, description, deleted, assigned_user_id, billing_address_city, loc_cpos, loc_scpo, tbl_provincias_id_c, tbl_paises_id_c, loc_zona_riesgo, tbl_departamentos_id_c, ruta_pac, cant_hab_2010, tbl_nodos_id_c, cant_hab, categoria, ruta_pac_orden, codigo_provincia) VALUES ('3203-3', 'BENITO LEGERÉN (3203-3)(3203-3)', NOW(), NOW(), '1', '1', 'Localidad BENITO LEGERÉN (3203-3)(3203-3)', 0, '1', 'BENITO LEGERÉN (3203-3)', '3203', '3', 'E', '1', 'N', 'E000', 0, 0, 'E00', 0, 'Poblacion', 0, NULL);
3204;0;COLONIA AYUI (3204-0);3204-0;COLONIA AYUI;3204-0;1;UPDATE tbl_cp_diferentes SET tbl_localidades_id_c = '3204-0' WHERE loc_cpos = '3204' AND loc_scpo = '0';
3206;0;FEDERACIÓN (3206-0);3206-0;FEDERACIÓN;3206-0;1;UPDATE tbl_cp_diferentes SET tbl_localidades_id_c = '3206-0' WHERE loc_cpos = '3206' AND loc_scpo = '0';
3206;1;COLONIA LA ARGENTINA (3206-1);3206-1;COLONIA LA ARGENTINA;3206-1;1;UPDATE tbl_cp_diferentes SET tbl_localidades_id_c = '3206-1' WHERE loc_cpos = '3206' AND loc_scpo = '1';
3208;0;SANTA ANA (3208-0);3208-0;SANTA ANA;3208-0;1;UPDATE tbl_cp_diferentes SET tbl_localidades_id_c = '3208-0' WHERE loc_cpos = '3208' AND loc_scpo = '0';
3212;0;LOS CHARRUAS (3212-0);3212-0;LOS CHARRUAS;3212-0;1;UPDATE tbl_cp_diferentes SET tbl_localidades_id_c = '3212-0' WHERE loc_cpos = '3212' AND loc_scpo = '0';
3212;1;NUEVA VIZCAYA (3212-1);3212-1;NUEVA VIZCAYA;;4;INSERT INTO tbl_localidades (id, name, date_entered, date_modified, modified_user_id, created_by, description, deleted, assigned_user_id, billing_address_city, loc_cpos, loc_scpo, tbl_provincias_id_c, tbl_paises_id_c, loc_zona_riesgo, tbl_departamentos_id_c, ruta_pac, cant_hab_2010, tbl_nodos_id_c, cant_hab, categoria, ruta_pac_orden, codigo_provincia) VALUES ('3212-1', 'NUEVA VIZCAYA (3212-1)(3212-1)', NOW(), NOW(), '1', '1', 'Localidad NUEVA VIZCAYA (3212-1)(3212-1)', 0, '1', 'NUEVA VIZCAYA (3212-1)', '3212', '1', 'E', '1', 'N', 'E000', 0, 0, 'E00', 0, 'Poblacion', 0, NULL);
3212;2;LA CRIOLLA (3212-2);3212-2;LA CRIOLLA;3212-1;2;UPDATE tbl_cp_diferentes SET tbl_localidades_id_c = '3212-1' WHERE loc_cpos = '3212' AND loc_scpo = '2';
3212;3;OSVALDO MAGNASCO (3212-3);3212-3;OSVALDO MAGNASCO;;4;INSERT INTO tbl_localidades (id, name, date_entered, date_modified, modified_user_id, created_by, description, deleted, assigned_user_id, billing_address_city, loc_cpos, loc_scpo, tbl_provincias_id_c, tbl_paises_id_c, loc_zona_riesgo, tbl_departamentos_id_c, ruta_pac, cant_hab_2010, tbl_nodos_id_c, cant_hab, categoria, ruta_pac_orden, codigo_provincia) VALUES ('3212-3', 'OSVALDO MAGNASCO (3212-3)(3212-3)', NOW(), NOW(), '1', '1', 'Localidad OSVALDO MAGNASCO (3212-3)(3212-3)', 0, '1', 'OSVALDO MAGNASCO (3212-3)', '3212', '3', 'E', '1', 'N', 'E000', 0, 0, 'E00', 0, 'Poblacion', 0, NULL);
3214;0;ESTACIÓN YUQUERÍ (3214-0);3214-0;ESTACIÓN YUQUERÍ;3214-0;1;UPDATE tbl_cp_diferentes SET tbl_localidades_id_c = '3214-0' WHERE loc_cpos = '3214' AND loc_scpo = '0';
3216;0;GENERAL CAMPOS (3216-0);3216-0;GENERAL CAMPOS;;4;INSERT INTO tbl_localidades (id, name, date_entered, date_modified, modified_user_id, created_by, description, deleted, assigned_user_id, billing_address_city, loc_cpos, loc_scpo, tbl_provincias_id_c, tbl_paises_id_c, loc_zona_riesgo, tbl_departamentos_id_c, ruta_pac, cant_hab_2010, tbl_nodos_id_c, cant_hab, categoria, ruta_pac_orden, codigo_provincia) VALUES ('3216-0', 'GENERAL CAMPOS (3216-0)(3216-0)', NOW(), NOW(), '1', '1', 'Localidad GENERAL CAMPOS (3216-0)(3216-0)', 0, '1', 'GENERAL CAMPOS (3216-0)', '3216', '0', 'E', '1', 'N', 'E000', 0, 0, 'E00', 0, 'Poblacion', 0, NULL);
3218;0;SAN SALVADOR (3218-0);3218-0;SAN SALVADOR;3218-0;1;UPDATE tbl_cp_diferentes SET tbl_localidades_id_c = '3218-0' WHERE loc_cpos = '3218' AND loc_scpo = '0';
3228;0;CHAJARI (3228-0);3228-0;CHAJARI;3228-0;1;UPDATE tbl_cp_diferentes SET tbl_localidades_id_c = '3228-0' WHERE loc_cpos = '3228' AND loc_scpo = '0';
3228;1;COLONIA ALEMANA (3228-1);3228-1;COLONIA ALEMANA;3228-1;1;UPDATE tbl_cp_diferentes SET tbl_localidades_id_c = '3228-1' WHERE loc_cpos = '3228' AND loc_scpo = '1';
3228;2;LA FLORIDA (COLONIA OFICIAL Nº1) (3228-2);3228-2;LA FLORIDA;3228-2;1;UPDATE tbl_cp_diferentes SET tbl_localidades_id_c = '3228-2' WHERE loc_cpos = '3228' AND loc_scpo = '2';
3228;3;COLONIA CELINA (3228-3);3228-3;COLONIA CELINA;3228-3;1;UPDATE tbl_cp_diferentes SET tbl_localidades_id_c = '3228-3' WHERE loc_cpos = '3228' AND loc_scpo = '3';
3229;0;COLONIA PEÑA (3229-0);3229-0;COLONIA PEÑA;;4;INSERT INTO tbl_localidades (id, name, date_entered, date_modified, modified_user_id, created_by, description, deleted, assigned_user_id, billing_address_city, loc_cpos, loc_scpo, tbl_provincias_id_c, tbl_paises_id_c, loc_zona_riesgo, tbl_departamentos_id_c, ruta_pac, cant_hab_2010, tbl_nodos_id_c, cant_hab, categoria, ruta_pac_orden, codigo_provincia) VALUES ('3229-0', 'COLONIA PEÑA (3229-0)(3229-0)', NOW(), NOW(), '1', '1', 'Localidad COLONIA PEÑA (3229-0)(3229-0)', 0, '1', 'COLONIA PEÑA (3229-0)', '3229', '0', 'E', '1', 'N', 'E000', 0, 0, 'E00', 0, 'Poblacion', 0, NULL);
3229;1;SAN PEDRO (COLONIA FREITAS) (3229-1);3229-1;SAN PEDRO;3229-1;1;UPDATE tbl_cp_diferentes SET tbl_localidades_id_c = '3229-1' WHERE loc_cpos = '3229' AND loc_scpo = '1';
3229;2;SAN RAMÓN (3229-2);3229-2;SAN RAMÓN;;4;INSERT INTO tbl_localidades (id, name, date_entered, date_modified, modified_user_id, created_by, description, deleted, assigned_user_id, billing_address_city, loc_cpos, loc_scpo, tbl_provincias_id_c, tbl_paises_id_c, loc_zona_riesgo, tbl_departamentos_id_c, ruta_pac, cant_hab_2010, tbl_nodos_id_c, cant_hab, categoria, ruta_pac_orden, codigo_provincia) VALUES ('3229-2', 'SAN RAMÓN (3229-2)(3229-2)', NOW(), NOW(), '1', '1', 'Localidad SAN RAMÓN (3229-2)(3229-2)', 0, '1', 'SAN RAMÓN (3229-2)', '3229', '2', 'E', '1', 'N', 'E000', 0, 0, 'E00', 0, 'Poblacion', 0, NULL);
3229;3;VILLA DEL ROSARIO (3229-3);3229-3;VILLA DEL ROSARIO;3229-0;2;UPDATE tbl_cp_diferentes SET tbl_localidades_id_c = '3229-0' WHERE loc_cpos = '3229' AND loc_scpo = '3';
3240;0;VILLAGUAY (3240-0);3240-0;VILLAGUAY;3240-0;1;UPDATE tbl_cp_diferentes SET tbl_localidades_id_c = '3240-0' WHERE loc_cpos = '3240' AND loc_scpo = '0';
3240;1;ESTACION LAS MOSCAS (3240-1);3240-1;ESTACION LAS MOSCAS;3240-1;1;UPDATE tbl_cp_diferentes SET tbl_localidades_id_c = '3240-1' WHERE loc_cpos = '3240' AND loc_scpo = '1';
3241;0;PASO DE LA LAGUNA (3241-0);3241-0;PASO DE LA LAGUNA;;4;INSERT INTO tbl_localidades (id, name, date_entered, date_modified, modified_user_id, created_by, description, deleted, assigned_user_id, billing_address_city, loc_cpos, loc_scpo, tbl_provincias_id_c, tbl_paises_id_c, loc_zona_riesgo, tbl_departamentos_id_c, ruta_pac, cant_hab_2010, tbl_nodos_id_c, cant_hab, categoria, ruta_pac_orden, codigo_provincia) VALUES ('3241-0', 'PASO DE LA LAGUNA (3241-0)(3241-0)', NOW(), NOW(), '1', '1', 'Localidad PASO DE LA LAGUNA (3241-0)(3241-0)', 0, '1', 'PASO DE LA LAGUNA (3241-0)', '3241', '0', 'E', '1', 'N', 'E000', 0, 0, 'E00', 0, 'Poblacion', 0, NULL);
3246;0;INGENIERO MIGUEL SAJAROFF (3246-0);3246-0;INGENIERO MIGUEL SAJAROFF;;4;INSERT INTO tbl_localidades (id, name, date_entered, date_modified, modified_user_id, created_by, description, deleted, assigned_user_id, billing_address_city, loc_cpos, loc_scpo, tbl_provincias_id_c, tbl_paises_id_c, loc_zona_riesgo, tbl_departamentos_id_c, ruta_pac, cant_hab_2010, tbl_nodos_id_c, cant_hab, categoria, ruta_pac_orden, codigo_provincia) VALUES ('3246-0', 'INGENIERO MIGUEL SAJAROFF (3246-0)(3246-0)', NOW(), NOW(), '1', '1', 'Localidad INGENIERO MIGUEL SAJAROFF (3246-0)(3246-0)', 0, '1', 'INGENIERO MIGUEL SAJAROFF (3246-0)', '3246', '0', 'E', '1', 'N', 'E000', 0, 0, 'E00', 0, 'Poblacion', 0, NULL);
3246;1;VILLA DOMINGUEZ (3246-1);3246-1;VILLA DOMINGUEZ;3246-0;2;UPDATE tbl_cp_diferentes SET tbl_localidades_id_c = '3246-0' WHERE loc_cpos = '3246' AND loc_scpo = '1';
3248;0;SANTA ANITA (3248-0);3248-0;SANTA ANITA;3248-0;1;UPDATE tbl_cp_diferentes SET tbl_localidades_id_c = '3248-0' WHERE loc_cpos = '3248' AND loc_scpo = '0';
3248;1;VILLA SAN MARCIAL (EST. GOBERNADOR URQUIZA) (3248-1);3248-1;VILLA SAN MARCIAL;3248-1*;3;UPDATE tbl_cp_diferentes SET tbl_localidades_id_c = '3248-1' WHERE loc_cpos = '3248' AND loc_scpo = '1';
3252;0;VILLA CLARA (3252-0);3252-0;VILLA CLARA;3252-0;1;UPDATE tbl_cp_diferentes SET tbl_localidades_id_c = '3252-0' WHERE loc_cpos = '3252' AND loc_scpo = '0';
3254;0;JUBILEO (3254-0);3254-0;JUBILEO;3254-0;1;UPDATE tbl_cp_diferentes SET tbl_localidades_id_c = '3254-0' WHERE loc_cpos = '3254' AND loc_scpo = '0';
3260;0;VILLA SAN JUSTO (3260-0);3260-0;VILLA SAN JUSTO;3260-1;2;UPDATE tbl_cp_diferentes SET tbl_localidades_id_c = '3260-1' WHERE loc_cpos = '3260' AND loc_scpo = '0';
3260;1;CONCEPCION DEL URUGUAY (3260-1);3260-1;CONCEPCION DEL URUGUAY;;4;INSERT INTO tbl_localidades (id, name, date_entered, date_modified, modified_user_id, created_by, description, deleted, assigned_user_id, billing_address_city, loc_cpos, loc_scpo, tbl_provincias_id_c, tbl_paises_id_c, loc_zona_riesgo, tbl_departamentos_id_c, ruta_pac, cant_hab_2010, tbl_nodos_id_c, cant_hab, categoria, ruta_pac_orden, codigo_provincia) VALUES ('3260-1', 'CONCEPCION DEL URUGUAY (3260-1)(3260-1)', NOW(), NOW(), '1', '1', 'Localidad CONCEPCION DEL URUGUAY (3260-1)(3260-1)', 0, '1', 'CONCEPCION DEL URUGUAY (3260-1)', '3260', '1', 'E', '1', 'N', 'E000', 0, 0, 'E00', 0, 'Poblacion', 0, NULL);
3261;0;COLONIA ELIA (3261-0);3261-0;COLONIA ELIA;3261-0;1;UPDATE tbl_cp_diferentes SET tbl_localidades_id_c = '3261-0' WHERE loc_cpos = '3261' AND loc_scpo = '0';
3262;0;ESTACION CASEROS (3262-0);3262-0;ESTACION CASEROS;3262-0;1;UPDATE tbl_cp_diferentes SET tbl_localidades_id_c = '3262-0' WHERE loc_cpos = '3262' AND loc_scpo = '0';
3263;0;PRONUNCIAMIENTO (3263-0);3263-0;PRONUNCIAMIENTO;3263-0;1;UPDATE tbl_cp_diferentes SET tbl_localidades_id_c = '3263-0' WHERE loc_cpos = '3263' AND loc_scpo = '0';
3263;1;COLONIA 1º DE MAYO (3263-1);3263-1;COLONIA 1º DE MAYO;3263-1;1;UPDATE tbl_cp_diferentes SET tbl_localidades_id_c = '3263-1' WHERE loc_cpos = '3263' AND loc_scpo = '1';
3265;0;HOCKER (3265-0);3265-0;HOCKER;;4;INSERT INTO tbl_localidades (id, name, date_entered, date_modified, modified_user_id, created_by, description, deleted, assigned_user_id, billing_address_city, loc_cpos, loc_scpo, tbl_provincias_id_c, tbl_paises_id_c, loc_zona_riesgo, tbl_departamentos_id_c, ruta_pac, cant_hab_2010, tbl_nodos_id_c, cant_hab, categoria, ruta_pac_orden, codigo_provincia) VALUES ('3265-0', 'HOCKER (3265-0)(3265-0)', NOW(), NOW(), '1', '1', 'Localidad HOCKER (3265-0)(3265-0)', 0, '1', 'HOCKER (3265-0)', '3265', '0', 'E', '1', 'N', 'E000', 0, 0, 'E00', 0, 'Poblacion', 0, NULL);
3265;1;VILLA ELISA (3265-1);3265-1;VILLA ELISA;3265-0;2;UPDATE tbl_cp_diferentes SET tbl_localidades_id_c = '3265-0' WHERE loc_cpos = '3265' AND loc_scpo = '1';
3269;0;LA CLARITA (3269-0);3269-0;LA CLARITA;3269-1;2;UPDATE tbl_cp_diferentes SET tbl_localidades_id_c = '3269-1' WHERE loc_cpos = '3269' AND loc_scpo = '0';
3269;1;ARROYO BARU (3269-1);3269-1;ARROYO BARU;3269-2;2;UPDATE tbl_cp_diferentes SET tbl_localidades_id_c = '3269-2' WHERE loc_cpos = '3269' AND loc_scpo = '1';
3269;2;PUEBLO CAZES (3269-2);3269-2;PUEBLO CAZES;;4;INSERT INTO tbl_localidades (id, name, date_entered, date_modified, modified_user_id, created_by, description, deleted, assigned_user_id, billing_address_city, loc_cpos, loc_scpo, tbl_provincias_id_c, tbl_paises_id_c, loc_zona_riesgo, tbl_departamentos_id_c, ruta_pac, cant_hab_2010, tbl_nodos_id_c, cant_hab, categoria, ruta_pac_orden, codigo_provincia) VALUES ('3269-2', 'PUEBLO CAZES (3269-2)(3269-2)', NOW(), NOW(), '1', '1', 'Localidad PUEBLO CAZES (3269-2)(3269-2)', 0, '1', 'PUEBLO CAZES (3269-2)', '3269', '2', 'E', '1', 'N', 'E000', 0, 0, 'E00', 0, 'Poblacion', 0, NULL);
3269;3;HAMBIS (3269-3);3269-3;HAMBIS;;4;INSERT INTO tbl_localidades (id, name, date_entered, date_modified, modified_user_id, created_by, description, deleted, assigned_user_id, billing_address_city, loc_cpos, loc_scpo, tbl_provincias_id_c, tbl_paises_id_c, loc_zona_riesgo, tbl_departamentos_id_c, ruta_pac, cant_hab_2010, tbl_nodos_id_c, cant_hab, categoria, ruta_pac_orden, codigo_provincia) VALUES ('3269-3', 'HAMBIS (3269-3)(3269-3)', NOW(), NOW(), '1', '1', 'Localidad HAMBIS (3269-3)(3269-3)', 0, '1', 'HAMBIS (3269-3)', '3269', '3', 'E', '1', 'N', 'E000', 0, 0, 'E00', 0, 'Poblacion', 0, NULL);
3272;0;VILLA MANTERO (3272-0);3272-0;VILLA MANTERO;3272-1;2;UPDATE tbl_cp_diferentes SET tbl_localidades_id_c = '3272-1' WHERE loc_cpos = '3272' AND loc_scpo = '0';
3272;1;ESTACION HERRERA (3272-1);3272-1;ESTACION HERRERA;3272-0*;3;UPDATE tbl_cp_diferentes SET tbl_localidades_id_c = '3272-0' WHERE loc_cpos = '3272' AND loc_scpo = '1';
3280;0;COLON (3280-0);3280-0;COLON;3280-0;1;UPDATE tbl_cp_diferentes SET tbl_localidades_id_c = '3280-0' WHERE loc_cpos = '3280' AND loc_scpo = '0';
3281;0;COLONIA HUGUES (3281-0);3281-0;COLONIA HUGUES;3281-1;2;UPDATE tbl_cp_diferentes SET tbl_localidades_id_c = '3281-1' WHERE loc_cpos = '3281' AND loc_scpo = '0';
3281;1;COLONIA ARROYO URQUIZA (3281-1);3281-1;COLONIA ARROYO URQUIZA;3281-2;2;UPDATE tbl_cp_diferentes SET tbl_localidades_id_c = '3281-2' WHERE loc_cpos = '3281' AND loc_scpo = '1';
3283;0;EL BRILLANTE (3283-0);3283-0;EL BRILLANTE;3283-1;2;UPDATE tbl_cp_diferentes SET tbl_localidades_id_c = '3283-1' WHERE loc_cpos = '3283' AND loc_scpo = '0';
3283;1;PUEBLO LIEBIG'S (3283-1);3283-1;PUEBLO LIEBIG'S;;4;INSERT INTO tbl_localidades (id, name, date_entered, date_modified, modified_user_id, created_by, description, deleted, assigned_user_id, billing_address_city, loc_cpos, loc_scpo, tbl_provincias_id_c, tbl_paises_id_c, loc_zona_riesgo, tbl_departamentos_id_c, ruta_pac, cant_hab_2010, tbl_nodos_id_c, cant_hab, categoria, ruta_pac_orden, codigo_provincia) VALUES ('3283-1', 'PUEBLO LIEBIG'S (3283-1)(3283-1)', NOW(), NOW(), '1', '1', 'Localidad PUEBLO LIEBIG'S (3283-1)(3283-1)', 0, '1', 'PUEBLO LIEBIG'S (3283-1)', '3283', '1', 'E', '1', 'N', 'E000', 0, 0, 'E00', 0, 'Poblacion', 0, NULL);
3283;2;SAN JOSE (3283-2);3283-2;SAN JOSE;3283-0;2;UPDATE tbl_cp_diferentes SET tbl_localidades_id_c = '3283-0' WHERE loc_cpos = '3283' AND loc_scpo = '2';
3287;0;UBAJAY (3287-0);3287-0;UBAJAY;3287-0;1;UPDATE tbl_cp_diferentes SET tbl_localidades_id_c = '3287-0' WHERE loc_cpos = '3287' AND loc_scpo = '0';